scene_id,collection,path,step,source_pool,fit_rmse_total_px,num_picked_pairs,fitted_cyl,fit_json
IHTest_202104_DistStA/Path11_DistStA/Path11_Step1,IHTest_202104_DistStA,path11,path11_step1,with_prior_cyl,1.0060159959957617,8,analysis/annotation_workspace_nocyl/IHTest_202104_DistStA/path11/path11_step1/fitted.cyl,analysis/annotation_workspace_nocyl/IHTest_202104_DistStA/path11/path11_step1/fit.json
IHTest_202104_DistStA/Path11_DistStA/Path11_Step15,IHTest_202104_DistStA,path11,path11_step15,with_prior_cyl,1.3449977516350362,8,analysis/annotation_workspace_nocyl/IHTest_202104_DistStA/path11/path11_step15/fitted.cyl,analysis/annotation_workspace_nocyl/IHTest_202104_DistStA/path11/path11_step15/fit.json
IHTest_202104_DistStA/Path15_DistStA/Path15_Step1,IHTest_202104_DistStA,path15,path15_step1,with_prior_cyl,1.972596255405726,13,analysis/annotation_workspace_nocyl/IHTest_202104_DistStA/path15/path15_step1/fitted.cyl,analysis/annotation_workspace_nocyl/IHTest_202104_DistStA/path15/path15_step1/fit.json
IHTest_202104_DistStA/Path15_DistStA/Path15_Step11,IHTest_202104_DistStA,path15,path15_step11,with_prior_cyl,0.49034566486191705,8,analysis/annotation_workspace_nocyl/IHTest_202104_DistStA/path15/path15_step11/fitted.cyl,analysis/annotation_workspace_nocyl/IHTest_202104_DistStA/path15/path15_step11/fit.json
IHTest_202104_DistStA/Path15_DistStA/Path15_Step15,IHTest_202104_DistStA,path15,path15_step15,with_prior_cyl,1.5115510825387928,8,analysis/annotation_workspace_nocyl/IHTest_202104_DistStA/path15/path15_step15/fitted.cyl,analysis/annotation_workspace_nocyl/IHTest_202104_DistStA/path15/path15_step15/fit.json
IHTest_202104_DistStA/Path15_DistStA/Path15_Step16,IHTest_202104_DistStA,path15,path15_step16,with_prior_cyl,1.3153217187965873,10,analysis/annotation_workspace_nocyl/IHTest_202104_DistStA/path15/path15_step16/fitted.cyl,analysis/annotation_workspace_nocyl/IHTest_202104_DistStA/path15/path15_step16/fit.json
IHTest_202104_DistStA/Path15_DistStA/Path15_Step21,IHTest_202104_DistStA,path15,path15_step21,with_prior_cyl,3.957005199759523,8,analysis/annotation_workspace_nocyl/IHTest_202104_DistStA/path15/path15_step21/fitted.cyl,analysis/annotation_workspace_nocyl/IHTest_202104_DistStA/path15/path15_step21/fit.json
IHTest_202104_DistStA/Path15_DistStA/Path15_Step25,IHTest_202104_DistStA,path15,path15_step25,with_prior_cyl,686.7752046656611,8,analysis/annotation_workspace_nocyl/IHTest_202104_DistStA/path15/path15_step25/fitted.cyl,analysis/annotation_workspace_nocyl/IHTest_202104_DistStA/path15/path15_step25/fit.json
IHTest_202104_DistStA/Path15_DistStA/Path15_Step5,IHTest_202104_DistStA,path15,path15_step5,with_prior_cyl,0.8511885555566326,8,analysis/annotation_workspace_nocyl/IHTest_202104_DistStA/path15/path15_step5/fitted.cyl,analysis/annotation_workspace_nocyl/IHTest_202104_DistStA/path15/path15_step5/fit.json
IHTest_202104_DistStA/Path15_DistStA/Path15_Step6,IHTest_202104_DistStA,path15,path15_step6,with_prior_cyl,0.4955491125382136,8,analysis/annotation_workspace_nocyl/IHTest_202104_DistStA/path15/path15_step6/fitted.cyl,analysis/annotation_workspace_nocyl/IHTest_202104_DistStA/path15/path15_step6/fit.json
IHTest_202104_DistStA/Path19_DistStA/Path19_Step1,IHTest_202104_DistStA,path19,path19_step1,with_prior_cyl,2.011660236246404,12,analysis/annotation_workspace_nocyl/IHTest_202104_DistStA/path19/path19_step1/fitted.cyl,analysis/annotation_workspace_nocyl/IHTest_202104_DistStA/path19/path19_step1/fit.json
IHTest_202104_DistStA/Path19_DistStA/Path19_Step11,IHTest_202104_DistStA,path19,path19_step11,with_prior_cyl,15.92449537565469,14,analysis/annotation_workspace_nocyl/IHTest_202104_DistStA/path19/path19_step11/fitted.cyl,analysis/annotation_workspace_nocyl/IHTest_202104_DistStA/path19/path19_step11/fit.json
IHTest_202104_DistStA/Path19_DistStA/Path19_Step14,IHTest_202104_DistStA,path19,path19_step14,with_prior_cyl,39.11589296278783,18,analysis/annotation_workspace_nocyl/IHTest_202104_DistStA/path19/path19_step14/fitted.cyl,analysis/annotation_workspace_nocyl/IHTest_202104_DistStA/path19/path19_step14/fit.json
IHTest_202104_DistStA/Path19_DistStA/Path19_Step17,IHTest_202104_DistStA,path19,path19_step17,with_prior_cyl,16.880599674196482,14,analysis/annotation_workspace_nocyl/IHTest_202104_DistStA/path19/path19_step17/fitted.cyl,analysis/annotation_workspace_nocyl/IHTest_202104_DistStA/path19/path19_step17/fit.json
IHTest_202104_DistStA/Path19_DistStA/Path19_Step20,IHTest_202104_DistStA,path19,path19_step20,with_prior_cyl,41.397551867129124,14,analysis/annotation_workspace_nocyl/IHTest_202104_DistStA/path19/path19_step20/fitted.cyl,analysis/annotation_workspace_nocyl/IHTest_202104_DistStA/path19/path19_step20/fit.json
IHTest_202104_DistStA/Path19_DistStA/Path19_Step5,IHTest_202104_DistStA,path19,path19_step5,with_prior_cyl,3.149474623967721,10,analysis/annotation_workspace_nocyl/IHTest_202104_DistStA/path19/path19_step5/fitted.cyl,analysis/annotation_workspace_nocyl/IHTest_202104_DistStA/path19/path19_step5/fit.json
IHTest_202104_DistStA/Path2_DistStA/Path2_Step1,IHTest_202104_DistStA,path2,path2_step1,with_prior_cyl,0.699495906443127,8,analysis/annotation_workspace_nocyl/IHTest_202104_DistStA/path2/path2_step1/fitted.cyl,analysis/annotation_workspace_nocyl/IHTest_202104_DistStA/path2/path2_step1/fit.json
IHTest_202104_DistStA/Path2_DistStA/Path2_Step2,IHTest_202104_DistStA,path2,path2_step2,with_prior_cyl,1.4434199433218604,8,analysis/annotation_workspace_nocyl/IHTest_202104_DistStA/path2/path2_step2/fitted.cyl,analysis/annotation_workspace_nocyl/IHTest_202104_DistStA/path2/path2_step2/fit.json
IHTest_202104_DistStA/Path2_DistStA/Path2_Step9,IHTest_202104_DistStA,path2,path2_step9,with_prior_cyl,1.0818291102733306,8,analysis/annotation_workspace_nocyl/IHTest_202104_DistStA/path2/path2_step9/fitted.cyl,analysis/annotation_workspace_nocyl/IHTest_202104_DistStA/path2/path2_step9/fit.json
IHTest_202104_DistStA/Path24_DistStA/Path24_Step1,IHTest_202104_DistStA,path24,path24_step1,with_prior_cyl,1.7830018360507327,9,analysis/annotation_workspace_nocyl/IHTest_202104_DistStA/path24/path24_step1/fitted.cyl,analysis/annotation_workspace_nocyl/IHTest_202104_DistStA/path24/path24_step1/fit.json
IHTest_202104_DistStA/Path24_DistStA/Path24_Step14,IHTest_202104_DistStA,path24,path24_step14,with_prior_cyl,9.872392973447814,10,analysis/annotation_workspace_nocyl/IHTest_202104_DistStA/path24/path24_step14/fitted.cyl,analysis/annotation_workspace_nocyl/IHTest_202104_DistStA/path24/path24_step14/fit.json
IHTest_202104_DistStA/Path24_DistStA/Path24_Step18,IHTest_202104_DistStA,path24,path24_step18,with_prior_cyl,6.1950366425182555,12,analysis/annotation_workspace_nocyl/IHTest_202104_DistStA/path24/path24_step18/fitted.cyl,analysis/annotation_workspace_nocyl/IHTest_202104_DistStA/path24/path24_step18/fit.json
IHTest_202104_DistStA/Path24_DistStA/Path24_Step2,IHTest_202104_DistStA,path24,path24_step2,with_prior_cyl,2.4583645023272696,8,analysis/annotation_workspace_nocyl/IHTest_202104_DistStA/path24/path24_step2/fitted.cyl,analysis/annotation_workspace_nocyl/IHTest_202104_DistStA/path24/path24_step2/fit.json
IHTest_202104_DistStA/Path24_DistStA/Path24_Step20,IHTest_202104_DistStA,path24,path24_step20,with_prior_cyl,5.467507267124405,10,analysis/annotation_workspace_nocyl/IHTest_202104_DistStA/path24/path24_step20/fitted.cyl,analysis/annotation_workspace_nocyl/IHTest_202104_DistStA/path24/path24_step20/fit.json
IHTest_202104_DistStA/Path24_DistStA/Path24_Step25,IHTest_202104_DistStA,path24,path24_step25,with_prior_cyl,8.2620282245068,11,analysis/annotation_workspace_nocyl/IHTest_202104_DistStA/path24/path24_step25/fitted.cyl,analysis/annotation_workspace_nocyl/IHTest_202104_DistStA/path24/path24_step25/fit.json
IHTest_202104_DistStA/Path24_DistStA/Path24_Step28,IHTest_202104_DistStA,path24,path24_step28,with_prior_cyl,14.665479972224022,12,analysis/annotation_workspace_nocyl/IHTest_202104_DistStA/path24/path24_step28/fitted.cyl,analysis/annotation_workspace_nocyl/IHTest_202104_DistStA/path24/path24_step28/fit.json
IHTest_202104_DistStA/Path24_DistStA/Path24_Step8,IHTest_202104_DistStA,path24,path24_step8,with_prior_cyl,4.917738839856734,11,analysis/annotation_workspace_nocyl/IHTest_202104_DistStA/path24/path24_step8/fitted.cyl,analysis/annotation_workspace_nocyl/IHTest_202104_DistStA/path24/path24_step8/fit.json
IHTest_202104_DistStA/Path27_DistStA/Path27_Step1,IHTest_202104_DistStA,path27,path27_step1,with_prior_cyl,2.5982595028290736,8,analysis/annotation_workspace_nocyl/IHTest_202104_DistStA/path27/path27_step1/fitted.cyl,analysis/annotation_workspace_nocyl/IHTest_202104_DistStA/path27/path27_step1/fit.json
IHTest_202104_DistStA/Path27_DistStA/Path27_Step28,IHTest_202104_DistStA,path27,path27_step28,with_prior_cyl,5.1177440827834735,11,analysis/annotation_workspace_nocyl/IHTest_202104_DistStA/path27/path27_step28/fitted.cyl,analysis/annotation_workspace_nocyl/IHTest_202104_DistStA/path27/path27_step28/fit.json
IHTest_202104_DistStA/Path27_DistStA/Path27_Step8,IHTest_202104_DistStA,path27,path27_step8,with_prior_cyl,3.104341634579123,9,analysis/annotation_workspace_nocyl/IHTest_202104_DistStA/path27/path27_step8/fitted.cyl,analysis/annotation_workspace_nocyl/IHTest_202104_DistStA/path27/path27_step8/fit.json
IHTest_202104_DistStA/Path29_DistStA/Path29_Step10,IHTest_202104_DistStA,path29,path29_step10,with_prior_cyl,2.2368232251592004,9,analysis/annotation_workspace_nocyl/IHTest_202104_DistStA/path29/path29_step10/fitted.cyl,analysis/annotation_workspace_nocyl/IHTest_202104_DistStA/path29/path29_step10/fit.json
IHTest_202104_DistStA/Path29_DistStA/Path29_Step12,IHTest_202104_DistStA,path29,path29_step12,with_prior_cyl,5.966499685582041,8,analysis/annotation_workspace_nocyl/IHTest_202104_DistStA/path29/path29_step12/fitted.cyl,analysis/annotation_workspace_nocyl/IHTest_202104_DistStA/path29/path29_step12/fit.json
IHTest_202104_DistStA/Path29_DistStA/Path29_Step13,IHTest_202104_DistStA,path29,path29_step13,with_prior_cyl,0.8796027922018322,8,analysis/annotation_workspace_nocyl/IHTest_202104_DistStA/path29/path29_step13/fitted.cyl,analysis/annotation_workspace_nocyl/IHTest_202104_DistStA/path29/path29_step13/fit.json
IHTest_202104_DistStA/Path29_DistStA/Path29_Step16,IHTest_202104_DistStA,path29,path29_step16,with_prior_cyl,75.67704049221797,11,analysis/annotation_workspace_nocyl/IHTest_202104_DistStA/path29/path29_step16/fitted.cyl,analysis/annotation_workspace_nocyl/IHTest_202104_DistStA/path29/path29_step16/fit.json
IHTest_202104_DistStA/Path29_DistStA/Path29_Step20,IHTest_202104_DistStA,path29,path29_step20,with_prior_cyl,2.840636530731477,8,analysis/annotation_workspace_nocyl/IHTest_202104_DistStA/path29/path29_step20/fitted.cyl,analysis/annotation_workspace_nocyl/IHTest_202104_DistStA/path29/path29_step20/fit.json
IHTest_202104_DistStA/Path29_DistStA/Path29_Step22,IHTest_202104_DistStA,path29,path29_step22,with_prior_cyl,7.3592230131122784,9,analysis/annotation_workspace_nocyl/IHTest_202104_DistStA/path29/path29_step22/fitted.cyl,analysis/annotation_workspace_nocyl/IHTest_202104_DistStA/path29/path29_step22/fit.json
IHTest_202104_DistStA/Path29_DistStA/Path29_Step8,IHTest_202104_DistStA,path29,path29_step8,with_prior_cyl,158.21040690996085,9,analysis/annotation_workspace_nocyl/IHTest_202104_DistStA/path29/path29_step8/fitted.cyl,analysis/annotation_workspace_nocyl/IHTest_202104_DistStA/path29/path29_step8/fit.json
IHTest_202104_DistStA/Path32_DistStA/Path32_Step1,IHTest_202104_DistStA,path32,path32_step1,with_prior_cyl,2.336662709801669,10,analysis/annotation_workspace_nocyl/IHTest_202104_DistStA/path32/path32_step1/fitted.cyl,analysis/annotation_workspace_nocyl/IHTest_202104_DistStA/path32/path32_step1/fit.json
IHTest_202104_DistStA/Path32_DistStA/Path32_Step18,IHTest_202104_DistStA,path32,path32_step18,with_prior_cyl,458.33868177025107,8,analysis/annotation_workspace_nocyl/IHTest_202104_DistStA/path32/path32_step18/fitted.cyl,analysis/annotation_workspace_nocyl/IHTest_202104_DistStA/path32/path32_step18/fit.json
IHTest_202104_DistStA/Path32_DistStA/Path32_Step5,IHTest_202104_DistStA,path32,path32_step5,with_prior_cyl,7.511952087514382,11,analysis/annotation_workspace_nocyl/IHTest_202104_DistStA/path32/path32_step5/fitted.cyl,analysis/annotation_workspace_nocyl/IHTest_202104_DistStA/path32/path32_step5/fit.json
IHTest_202104_DistStA/Path32_DistStA/Path32_Step8,IHTest_202104_DistStA,path32,path32_step8,with_prior_cyl,6.232579226773502,11,analysis/annotation_workspace_nocyl/IHTest_202104_DistStA/path32/path32_step8/fitted.cyl,analysis/annotation_workspace_nocyl/IHTest_202104_DistStA/path32/path32_step8/fit.json
IHTest_202104_DistStA/Path9_DistStA/Path9_Step1,IHTest_202104_DistStA,path9,path9_step1,with_prior_cyl,0.9464568375534937,8,analysis/annotation_workspace_nocyl/IHTest_202104_DistStA/path9/path9_step1/fitted.cyl,analysis/annotation_workspace_nocyl/IHTest_202104_DistStA/path9/path9_step1/fit.json
IHTest_202104_DistStA/Path9_DistStA/Path9_Step16,IHTest_202104_DistStA,path9,path9_step16,with_prior_cyl,0.5706823417989847,9,analysis/annotation_workspace_nocyl/IHTest_202104_DistStA/path9/path9_step16/fitted.cyl,analysis/annotation_workspace_nocyl/IHTest_202104_DistStA/path9/path9_step16/fit.json
IHTest_202108_DistStA/Path4_DistStA/Path4_Step22,IHTest_202108_DistStA,path4,path4_step22,with_prior_cyl,1.0562370667587615,8,analysis/annotation_workspace_nocyl/IHTest_202108_DistStA/path4/path4_step22/fitted.cyl,analysis/annotation_workspace_nocyl/IHTest_202108_DistStA/path4/path4_step22/fit.json
IHTest_202009_DistStA/Path3_DistStA/Path3_Step1,IHTest_202009_DistStA,path3,path3_step1,without_prior_cyl,9.368535167247595,15,analysis/annotation_workspace_nocyl/IHTest_202009_DistStA/path3/path3_step1/fitted.cyl,analysis/annotation_workspace_nocyl/IHTest_202009_DistStA/path3/path3_step1/fit.json
IHTest_202009_DistStA/Path3_DistStA/Path3_Step2,IHTest_202009_DistStA,path3,path3_step2,without_prior_cyl,9.926621804863268,15,analysis/annotation_workspace_nocyl/IHTest_202009_DistStA/path3/path3_step2/fitted.cyl,analysis/annotation_workspace_nocyl/IHTest_202009_DistStA/path3/path3_step2/fit.json
IHTest_202009_DistStA/Path3_DistStA/Path3_Step3,IHTest_202009_DistStA,path3,path3_step3,without_prior_cyl,14.62031422742191,12,analysis/annotation_workspace_nocyl/IHTest_202009_DistStA/path3/path3_step3/fitted.cyl,analysis/annotation_workspace_nocyl/IHTest_202009_DistStA/path3/path3_step3/fit.json
IHTest_202009_DistStA/Path3_DistStA/Path3_Step4,IHTest_202009_DistStA,path3,path3_step4,without_prior_cyl,1.7288933910102149,8,analysis/annotation_workspace_nocyl/IHTest_202009_DistStA/path3/path3_step4/fitted.cyl,analysis/annotation_workspace_nocyl/IHTest_202009_DistStA/path3/path3_step4/fit.json
IHTest_202009_DistStA/Path3_DistStA/Path3_Step5,IHTest_202009_DistStA,path3,path3_step5,without_prior_cyl,16.562666959313663,11,analysis/annotation_workspace_nocyl/IHTest_202009_DistStA/path3/path3_step5/fitted.cyl,analysis/annotation_workspace_nocyl/IHTest_202009_DistStA/path3/path3_step5/fit.json
IHTest_202009_DistStA/Path3_DistStA/Path3_Step6,IHTest_202009_DistStA,path3,path3_step6,without_prior_cyl,1.5871155708681748,9,analysis/annotation_workspace_nocyl/IHTest_202009_DistStA/path3/path3_step6/fitted.cyl,analysis/annotation_workspace_nocyl/IHTest_202009_DistStA/path3/path3_step6/fit.json
IHTest_202009_DistStA/Path5_DistStA/Path5_Step1,IHTest_202009_DistStA,path5,path5_step1,without_prior_cyl,7.715476757307816,9,analysis/annotation_workspace_nocyl/IHTest_202009_DistStA/path5/path5_step1/fitted.cyl,analysis/annotation_workspace_nocyl/IHTest_202009_DistStA/path5/path5_step1/fit.json
IHTest_202009_DistStA/Path5_DistStA/Path5_Step10,IHTest_202009_DistStA,path5,path5_step10,without_prior_cyl,2.4409397253108907,9,analysis/annotation_workspace_nocyl/IHTest_202009_DistStA/path5/path5_step10/fitted.cyl,analysis/annotation_workspace_nocyl/IHTest_202009_DistStA/path5/path5_step10/fit.json
IHTest_202009_DistStA/Path5_DistStA/Path5_Step2,IHTest_202009_DistStA,path5,path5_step2,without_prior_cyl,3.2712631406178585,10,analysis/annotation_workspace_nocyl/IHTest_202009_DistStA/path5/path5_step2/fitted.cyl,analysis/annotation_workspace_nocyl/IHTest_202009_DistStA/path5/path5_step2/fit.json
IHTest_202009_DistStA/Path5_DistStA/Path5_Step3,IHTest_202009_DistStA,path5,path5_step3,without_prior_cyl,7.076835537959404,13,analysis/annotation_workspace_nocyl/IHTest_202009_DistStA/path5/path5_step3/fitted.cyl,analysis/annotation_workspace_nocyl/IHTest_202009_DistStA/path5/path5_step3/fit.json
IHTest_202009_DistStA/Path5_DistStA/Path5_Step4,IHTest_202009_DistStA,path5,path5_step4,without_prior_cyl,6.29996750025609,18,analysis/annotation_workspace_nocyl/IHTest_202009_DistStA/path5/path5_step4/fitted.cyl,analysis/annotation_workspace_nocyl/IHTest_202009_DistStA/path5/path5_step4/fit.json
IHTest_202009_DistStA/Path5_DistStA/Path5_Step5,IHTest_202009_DistStA,path5,path5_step5,without_prior_cyl,7.87697847166417,13,analysis/annotation_workspace_nocyl/IHTest_202009_DistStA/path5/path5_step5/fitted.cyl,analysis/annotation_workspace_nocyl/IHTest_202009_DistStA/path5/path5_step5/fit.json
IHTest_202009_DistStA/Path5_DistStA/Path5_Step6,IHTest_202009_DistStA,path5,path5_step6,without_prior_cyl,9.02723746996919,11,analysis/annotation_workspace_nocyl/IHTest_202009_DistStA/path5/path5_step6/fitted.cyl,analysis/annotation_workspace_nocyl/IHTest_202009_DistStA/path5/path5_step6/fit.json
IHTest_202009_DistStA/Path5_DistStA/Path5_Step7,IHTest_202009_DistStA,path5,path5_step7,without_prior_cyl,5.388823687689183,12,analysis/annotation_workspace_nocyl/IHTest_202009_DistStA/path5/path5_step7/fitted.cyl,analysis/annotation_workspace_nocyl/IHTest_202009_DistStA/path5/path5_step7/fit.json
IHTest_202009_DistStA/Path5_DistStA/Path5_Step8,IHTest_202009_DistStA,path5,path5_step8,without_prior_cyl,11.446416180496714,13,analysis/annotation_workspace_nocyl/IHTest_202009_DistStA/path5/path5_step8/fitted.cyl,analysis/annotation_workspace_nocyl/IHTest_202009_DistStA/path5/path5_step8/fit.json
IHTest_202009_DistStA/Path6_DistStA/Path6_Step1,IHTest_202009_DistStA,path6,path6_step1,without_prior_cyl,8.45910420572694,12,analysis/annotation_workspace_nocyl/IHTest_202009_DistStA/path6/path6_step1/fitted.cyl,analysis/annotation_workspace_nocyl/IHTest_202009_DistStA/path6/path6_step1/fit.json
IHTest_202009_DistStA/Path6_DistStA/Path6_Step2,IHTest_202009_DistStA,path6,path6_step2,without_prior_cyl,1.8741640919700384,9,analysis/annotation_workspace_nocyl/IHTest_202009_DistStA/path6/path6_step2/fitted.cyl,analysis/annotation_workspace_nocyl/IHTest_202009_DistStA/path6/path6_step2/fit.json
IHTest_202009_DistStA/Path6_DistStA/Path6_Step3,IHTest_202009_DistStA,path6,path6_step3,without_prior_cyl,2.7383628106270685,9,analysis/annotation_workspace_nocyl/IHTest_202009_DistStA/path6/path6_step3/fitted.cyl,analysis/annotation_workspace_nocyl/IHTest_202009_DistStA/path6/path6_step3/fit.json
IHTest_202009_DistStA/Path6_DistStA/Path6_Step4,IHTest_202009_DistStA,path6,path6_step4,without_prior_cyl,2.810929837774992,11,analysis/annotation_workspace_nocyl/IHTest_202009_DistStA/path6/path6_step4/fitted.cyl,analysis/annotation_workspace_nocyl/IHTest_202009_DistStA/path6/path6_step4/fit.json
IHTest_202009_DistStA/Path6_DistStA/Path6_Step5,IHTest_202009_DistStA,path6,path6_step5,without_prior_cyl,43.23077357686977,8,analysis/annotation_workspace_nocyl/IHTest_202009_DistStA/path6/path6_step5/fitted.cyl,analysis/annotation_workspace_nocyl/IHTest_202009_DistStA/path6/path6_step5/fit.json
IHTest_202108_DistStA/Path12_DistStA/Path12_Step1,IHTest_202108_DistStA,path12,path12_step1,without_prior_cyl,7.023650265187886,9,analysis/annotation_workspace_nocyl/IHTest_202108_DistStA/path12/path12_step1/fitted.cyl,analysis/annotation_workspace_nocyl/IHTest_202108_DistStA/path12/path12_step1/fit.json
IHTest_202108_DistStA/Path12_DistStA/Path12_Step2,IHTest_202108_DistStA,path12,path12_step2,without_prior_cyl,1.7089676247760535,9,analysis/annotation_workspace_nocyl/IHTest_202108_DistStA/path12/path12_step2/fitted.cyl,analysis/annotation_workspace_nocyl/IHTest_202108_DistStA/path12/path12_step2/fit.json
IHTest_202108_DistStA/Path12_DistStA/Path12_Step3,IHTest_202108_DistStA,path12,path12_step3,without_prior_cyl,2.34189311516586,8,analysis/annotation_workspace_nocyl/IHTest_202108_DistStA/path12/path12_step3/fitted.cyl,analysis/annotation_workspace_nocyl/IHTest_202108_DistStA/path12/path12_step3/fit.json
IHTest_202108_DistStA/Path12_DistStA/Path12_Step4,IHTest_202108_DistStA,path12,path12_step4,without_prior_cyl,14.279124527351517,8,analysis/annotation_workspace_nocyl/IHTest_202108_DistStA/path12/path12_step4/fitted.cyl,analysis/annotation_workspace_nocyl/IHTest_202108_DistStA/path12/path12_step4/fit.json
IHTest_202108_DistStA/Path12_DistStA/Path12_Step5,IHTest_202108_DistStA,path12,path12_step5,without_prior_cyl,29.86074394643603,8,analysis/annotation_workspace_nocyl/IHTest_202108_DistStA/path12/path12_step5/fitted.cyl,analysis/annotation_workspace_nocyl/IHTest_202108_DistStA/path12/path12_step5/fit.json
IHTest_202108_DistStA/Path2_DistStA/Path2_Step1,IHTest_202108_DistStA,path2,path2_step1,without_prior_cyl,7.768033838020311,8,analysis/annotation_workspace_nocyl/IHTest_202108_DistStA/path2/path2_step1/fitted.cyl,analysis/annotation_workspace_nocyl/IHTest_202108_DistStA/path2/path2_step1/fit.json
IHTest_202108_DistStA/Path2_DistStA/Path2_Step2,IHTest_202108_DistStA,path2,path2_step2,without_prior_cyl,18.19143466604968,9,analysis/annotation_workspace_nocyl/IHTest_202108_DistStA/path2/path2_step2/fitted.cyl,analysis/annotation_workspace_nocyl/IHTest_202108_DistStA/path2/path2_step2/fit.json
IHTest_202108_DistStA/Path2_DistStA/Path2_Step3,IHTest_202108_DistStA,path2,path2_step3,without_prior_cyl,2.4500239003773423,8,analysis/annotation_workspace_nocyl/IHTest_202108_DistStA/path2/path2_step3/fitted.cyl,analysis/annotation_workspace_nocyl/IHTest_202108_DistStA/path2/path2_step3/fit.json
IHTest_202108_DistStA/Path2_DistStA/Path2_Step4,IHTest_202108_DistStA,path2,path2_step4,without_prior_cyl,3.407031658442644,8,analysis/annotation_workspace_nocyl/IHTest_202108_DistStA/path2/path2_step4/fitted.cyl,analysis/annotation_workspace_nocyl/IHTest_202108_DistStA/path2/path2_step4/fit.json
IHTest_202108_DistStA/Path4_DistStA/Path4_Step6,IHTest_202108_DistStA,path4,path4_step6,without_prior_cyl,2.275181869602108,8,analysis/annotation_workspace_nocyl/IHTest_202108_DistStA/path4/path4_step6/fitted.cyl,analysis/annotation_workspace_nocyl/IHTest_202108_DistStA/path4/path4_step6/fit.json
IHTest_202108_DistStA/Path9_DistStA/Path9_Step11,IHTest_202108_DistStA,path9,path9_step11,without_prior_cyl,1.2798288367159676,8,analysis/annotation_workspace_nocyl/IHTest_202108_DistStA/path9/path9_step11/fitted.cyl,analysis/annotation_workspace_nocyl/IHTest_202108_DistStA/path9/path9_step11/fit.json
IHTest_202108_DistStA/Path9_DistStA/Path9_Step17,IHTest_202108_DistStA,path9,path9_step17,without_prior_cyl,2.8394956598346353,8,analysis/annotation_workspace_nocyl/IHTest_202108_DistStA/path9/path9_step17/fitted.cyl,analysis/annotation_workspace_nocyl/IHTest_202108_DistStA/path9/path9_step17/fit.json
IHTest_202204_DistStA-20221110/Path12_DistStA/Path12_Step1,IHTest_202204_DistStA-20221110,path12,path12_step1,without_prior_cyl,1.960327110800648,11,analysis/annotation_workspace_nocyl/IHTest_202204_DistStA-20221110/path12/path12_step1/fitted.cyl,analysis/annotation_workspace_nocyl/IHTest_202204_DistStA-20221110/path12/path12_step1/fit.json
IHTest_202204_DistStA-20221110/Path13_DistStA/Path13_Step1,IHTest_202204_DistStA-20221110,path13,path13_step1,without_prior_cyl,4.683945348733446,9,analysis/annotation_workspace_nocyl/IHTest_202204_DistStA-20221110/path13/path13_step1/fitted.cyl,analysis/annotation_workspace_nocyl/IHTest_202204_DistStA-20221110/path13/path13_step1/fit.json
IHTest_202204_DistStA-20221110/Path13_DistStA/Path13_Step10,IHTest_202204_DistStA-20221110,path13,path13_step10,without_prior_cyl,2.003052285968094,8,analysis/annotation_workspace_nocyl/IHTest_202204_DistStA-20221110/path13/path13_step10/fitted.cyl,analysis/annotation_workspace_nocyl/IHTest_202204_DistStA-20221110/path13/path13_step10/fit.json
IHTest_202204_DistStA-20221110/Path13_DistStA/Path13_Step11,IHTest_202204_DistStA-20221110,path13,path13_step11,without_prior_cyl,7.099843409955874,8,analysis/annotation_workspace_nocyl/IHTest_202204_DistStA-20221110/path13/path13_step11/fitted.cyl,analysis/annotation_workspace_nocyl/IHTest_202204_DistStA-20221110/path13/path13_step11/fit.json
IHTest_202204_DistStA-20221110/Path13_DistStA/Path13_Step12,IHTest_202204_DistStA-20221110,path13,path13_step12,without_prior_cyl,18.426594412057405,8,analysis/annotation_workspace_nocyl/IHTest_202204_DistStA-20221110/path13/path13_step12/fitted.cyl,analysis/annotation_workspace_nocyl/IHTest_202204_DistStA-20221110/path13/path13_step12/fit.json
IHTest_202204_DistStA-20221110/Path13_DistStA/Path13_Step13,IHTest_202204_DistStA-20221110,path13,path13_step13,without_prior_cyl,1.866844133396812,10,analysis/annotation_workspace_nocyl/IHTest_202204_DistStA-20221110/path13/path13_step13/fitted.cyl,analysis/annotation_workspace_nocyl/IHTest_202204_DistStA-20221110/path13/path13_step13/fit.json
IHTest_202204_DistStA-20221110/Path13_DistStA/Path13_Step14,IHTest_202204_DistStA-20221110,path13,path13_step14,without_prior_cyl,2.9126537131797647,10,analysis/annotation_workspace_nocyl/IHTest_202204_DistStA-20221110/path13/path13_step14/fitted.cyl,analysis/annotation_workspace_nocyl/IHTest_202204_DistStA-20221110/path13/path13_step14/fit.json
IHTest_202204_DistStA-20221110/Path13_DistStA/Path13_Step15,IHTest_202204_DistStA-20221110,path13,path13_step15,without_prior_cyl,27.06027442596279,10,analysis/annotation_workspace_nocyl/IHTest_202204_DistStA-20221110/path13/path13_step15/fitted.cyl,analysis/annotation_workspace_nocyl/IHTest_202204_DistStA-20221110/path13/path13_step15/fit.json
IHTest_202204_DistStA-20221110/Path13_DistStA/Path13_Step16,IHTest_202204_DistStA-20221110,path13,path13_step16,without_prior_cyl,2.8171636552397272,8,analysis/annotation_workspace_nocyl/IHTest_202204_DistStA-20221110/path13/path13_step16/fitted.cyl,analysis/annotation_workspace_nocyl/IHTest_202204_DistStA-20221110/path13/path13_step16/fit.json
IHTest_202204_DistStA-20221110/Path13_DistStA/Path13_Step17,IHTest_202204_DistStA-20221110,path13,path13_step17,without_prior_cyl,8.406554090277899,8,analysis/annotation_workspace_nocyl/IHTest_202204_DistStA-20221110/path13/path13_step17/fitted.cyl,analysis/annotation_workspace_nocyl/IHTest_202204_DistStA-20221110/path13/path13_step17/fit.json
IHTest_202204_DistStA-20221110/Path13_DistStA/Path13_Step2,IHTest_202204_DistStA-20221110,path13,path13_step2,without_prior_cyl,5.676248510514109,8,analysis/annotation_workspace_nocyl/IHTest_202204_DistStA-20221110/path13/path13_step2/fitted.cyl,analysis/annotation_workspace_nocyl/IHTest_202204_DistStA-20221110/path13/path13_step2/fit.json
IHTest_202204_DistStA-20221110/Path13_DistStA/Path13_Step3,IHTest_202204_DistStA-20221110,path13,path13_step3,without_prior_cyl,3.213711315593102,11,analysis/annotation_workspace_nocyl/IHTest_202204_DistStA-20221110/path13/path13_step3/fitted.cyl,analysis/annotation_workspace_nocyl/IHTest_202204_DistStA-20221110/path13/path13_step3/fit.json
IHTest_202204_DistStA-20221110/Path13_DistStA/Path13_Step4,IHTest_202204_DistStA-20221110,path13,path13_step4,without_prior_cyl,2.5348802039414595,11,analysis/annotation_workspace_nocyl/IHTest_202204_DistStA-20221110/path13/path13_step4/fitted.cyl,analysis/annotation_workspace_nocyl/IHTest_202204_DistStA-20221110/path13/path13_step4/fit.json
IHTest_202204_DistStA-20221110/Path13_DistStA/Path13_Step5,IHTest_202204_DistStA-20221110,path13,path13_step5,without_prior_cyl,9.114997911648837,12,analysis/annotation_workspace_nocyl/IHTest_202204_DistStA-20221110/path13/path13_step5/fitted.cyl,analysis/annotation_workspace_nocyl/IHTest_202204_DistStA-20221110/path13/path13_step5/fit.json
IHTest_202204_DistStA-20221110/Path13_DistStA/Path13_Step6,IHTest_202204_DistStA-20221110,path13,path13_step6,without_prior_cyl,3.941394338194678,13,analysis/annotation_workspace_nocyl/IHTest_202204_DistStA-20221110/path13/path13_step6/fitted.cyl,analysis/annotation_workspace_nocyl/IHTest_202204_DistStA-20221110/path13/path13_step6/fit.json
IHTest_202204_DistStA-20221110/Path13_DistStA/Path13_Step7,IHTest_202204_DistStA-20221110,path13,path13_step7,without_prior_cyl,2.041506111447495,10,analysis/annotation_workspace_nocyl/IHTest_202204_DistStA-20221110/path13/path13_step7/fitted.cyl,analysis/annotation_workspace_nocyl/IHTest_202204_DistStA-20221110/path13/path13_step7/fit.json
IHTest_202204_DistStA-20221110/Path13_DistStA/Path13_Step8,IHTest_202204_DistStA-20221110,path13,path13_step8,without_prior_cyl,18.817551291372805,10,analysis/annotation_workspace_nocyl/IHTest_202204_DistStA-20221110/path13/path13_step8/fitted.cyl,analysis/annotation_workspace_nocyl/IHTest_202204_DistStA-20221110/path13/path13_step8/fit.json
IHTest_202204_DistStA-20221110/Path13_DistStA/Path13_Step9,IHTest_202204_DistStA-20221110,path13,path13_step9,without_prior_cyl,2.200132591994622,9,analysis/annotation_workspace_nocyl/IHTest_202204_DistStA-20221110/path13/path13_step9/fitted.cyl,analysis/annotation_workspace_nocyl/IHTest_202204_DistStA-20221110/path13/path13_step9/fit.json
IHTest_202204_DistStA-20221110/Path15_DistStA/Path15_Step1,IHTest_202204_DistStA-20221110,path15,path15_step1,without_prior_cyl,1.630347987634692,8,analysis/annotation_workspace_nocyl/IHTest_202204_DistStA-20221110/path15/path15_step1/fitted.cyl,analysis/annotation_workspace_nocyl/IHTest_202204_DistStA-20221110/path15/path15_step1/fit.json
IHTest_202204_DistStA-20221110/Path15_DistStA/Path15_Step11,IHTest_202204_DistStA-20221110,path15,path15_step11,without_prior_cyl,1.774863688273548,8,analysis/annotation_workspace_nocyl/IHTest_202204_DistStA-20221110/path15/path15_step11/fitted.cyl,analysis/annotation_workspace_nocyl/IHTest_202204_DistStA-20221110/path15/path15_step11/fit.json
IHTest_202204_DistStA-20221110/Path15_DistStA/Path15_Step16,IHTest_202204_DistStA-20221110,path15,path15_step16,without_prior_cyl,1.5088941692420932,8,analysis/annotation_workspace_nocyl/IHTest_202204_DistStA-20221110/path15/path15_step16/fitted.cyl,analysis/annotation_workspace_nocyl/IHTest_202204_DistStA-20221110/path15/path15_step16/fit.json
IHTest_202204_DistStA-20221110/Path15_DistStA/Path15_Step21,IHTest_202204_DistStA-20221110,path15,path15_step21,without_prior_cyl,1.5933848879860248,8,analysis/annotation_workspace_nocyl/IHTest_202204_DistStA-20221110/path15/path15_step21/fitted.cyl,analysis/annotation_workspace_nocyl/IHTest_202204_DistStA-20221110/path15/path15_step21/fit.json
IHTest_202204_DistStA-20221110/Path15_DistStA/Path15_Step26,IHTest_202204_DistStA-20221110,path15,path15_step26,without_prior_cyl,1.3325071606568732,9,analysis/annotation_workspace_nocyl/IHTest_202204_DistStA-20221110/path15/path15_step26/fitted.cyl,analysis/annotation_workspace_nocyl/IHTest_202204_DistStA-20221110/path15/path15_step26/fit.json
IHTest_202204_DistStA-20221110/Path15_DistStA/Path15_Step31,IHTest_202204_DistStA-20221110,path15,path15_step31,without_prior_cyl,1.9213047876434608,9,analysis/annotation_workspace_nocyl/IHTest_202204_DistStA-20221110/path15/path15_step31/fitted.cyl,analysis/annotation_workspace_nocyl/IHTest_202204_DistStA-20221110/path15/path15_step31/fit.json
IHTest_202204_DistStA-20221110/Path15_DistStA/Path15_Step36,IHTest_202204_DistStA-20221110,path15,path15_step36,without_prior_cyl,2.7019631647204325,8,analysis/annotation_workspace_nocyl/IHTest_202204_DistStA-20221110/path15/path15_step36/fitted.cyl,analysis/annotation_workspace_nocyl/IHTest_202204_DistStA-20221110/path15/path15_step36/fit.json
IHTest_202204_DistStA-20221110/Path15_DistStA/Path15_Step41,IHTest_202204_DistStA-20221110,path15,path15_step41,without_prior_cyl,2.983413221598681,10,analysis/annotation_workspace_nocyl/IHTest_202204_DistStA-20221110/path15/path15_step41/fitted.cyl,analysis/annotation_workspace_nocyl/IHTest_202204_DistStA-20221110/path15/path15_step41/fit.json
IHTest_202204_DistStA-20221110/Path19_DistStA/Path19_Step1,IHTest_202204_DistStA-20221110,path19,path19_step1,without_prior_cyl,2.0725156770060296,11,analysis/annotation_workspace_nocyl/IHTest_202204_DistStA-20221110/path19/path19_step1/fitted.cyl,analysis/annotation_workspace_nocyl/IHTest_202204_DistStA-20221110/path19/path19_step1/fit.json
IHTest_202204_DistStA-20221110/Path20_DistStA/Path20_Step1,IHTest_202204_DistStA-20221110,path20,path20_step1,without_prior_cyl,1.3054842254287902,8,analysis/annotation_workspace_nocyl/IHTest_202204_DistStA-20221110/path20/path20_step1/fitted.cyl,analysis/annotation_workspace_nocyl/IHTest_202204_DistStA-20221110/path20/path20_step1/fit.json
IHTest_202204_DistStA-20221110/Path21_DistStA/Path21_Step1,IHTest_202204_DistStA-20221110,path21,path21_step1,without_prior_cyl,4.973420256357792,9,analysis/annotation_workspace_nocyl/IHTest_202204_DistStA-20221110/path21/path21_step1/fitted.cyl,analysis/annotation_workspace_nocyl/IHTest_202204_DistStA-20221110/path21/path21_step1/fit.json
IHTest_202204_DistStA-20221110/Path21_DistStA/Path21_Step10,IHTest_202204_DistStA-20221110,path21,path21_step10,without_prior_cyl,1.3512125789877938,9,analysis/annotation_workspace_nocyl/IHTest_202204_DistStA-20221110/path21/path21_step10/fitted.cyl,analysis/annotation_workspace_nocyl/IHTest_202204_DistStA-20221110/path21/path21_step10/fit.json
IHTest_202204_DistStA-20221110/Path21_DistStA/Path21_Step11,IHTest_202204_DistStA-20221110,path21,path21_step11,without_prior_cyl,5.57100890648597,12,analysis/annotation_workspace_nocyl/IHTest_202204_DistStA-20221110/path21/path21_step11/fitted.cyl,analysis/annotation_workspace_nocyl/IHTest_202204_DistStA-20221110/path21/path21_step11/fit.json
IHTest_202204_DistStA-20221110/Path21_DistStA/Path21_Step12,IHTest_202204_DistStA-20221110,path21,path21_step12,without_prior_cyl,1.4293148388945358,9,analysis/annotation_workspace_nocyl/IHTest_202204_DistStA-20221110/path21/path21_step12/fitted.cyl,analysis/annotation_workspace_nocyl/IHTest_202204_DistStA-20221110/path21/path21_step12/fit.json
IHTest_202204_DistStA-20221110/Path21_DistStA/Path21_Step13,IHTest_202204_DistStA-20221110,path21,path21_step13,without_prior_cyl,2.5677996388200124,10,analysis/annotation_workspace_nocyl/IHTest_202204_DistStA-20221110/path21/path21_step13/fitted.cyl,analysis/annotation_workspace_nocyl/IHTest_202204_DistStA-20221110/path21/path21_step13/fit.json
IHTest_202204_DistStA-20221110/Path21_DistStA/Path21_Step14,IHTest_202204_DistStA-20221110,path21,path21_step14,without_prior_cyl,0.8028549574909641,8,analysis/annotation_workspace_nocyl/IHTest_202204_DistStA-20221110/path21/path21_step14/fitted.cyl,analysis/annotation_workspace_nocyl/IHTest_202204_DistStA-20221110/path21/path21_step14/fit.json
IHTest_202204_DistStA-20221110/Path21_DistStA/Path21_Step15,IHTest_202204_DistStA-20221110,path21,path21_step15,without_prior_cyl,1.682050054151884,10,analysis/annotation_workspace_nocyl/IHTest_202204_DistStA-20221110/path21/path21_step15/fitted.cyl,analysis/annotation_workspace_nocyl/IHTest_202204_DistStA-20221110/path21/path21_step15/fit.json
IHTest_202204_DistStA-20221110/Path21_DistStA/Path21_Step16,IHTest_202204_DistStA-20221110,path21,path21_step16,without_prior_cyl,3.6167762664353003,10,analysis/annotation_workspace_nocyl/IHTest_202204_DistStA-20221110/path21/path21_step16/fitted.cyl,analysis/annotation_workspace_nocyl/IHTest_202204_DistStA-20221110/path21/path21_step16/fit.json
IHTest_202204_DistStA-20221110/Path21_DistStA/Path21_Step17,IHTest_202204_DistStA-20221110,path21,path21_step17,without_prior_cyl,5.193076800968864,11,analysis/annotation_workspace_nocyl/IHTest_202204_DistStA-20221110/path21/path21_step17/fitted.cyl,analysis/annotation_workspace_nocyl/IHTest_202204_DistStA-20221110/path21/path21_step17/fit.json
IHTest_202204_DistStA-20221110/Path21_DistStA/Path21_Step18,IHTest_202204_DistStA-20221110,path21,path21_step18,without_prior_cyl,4.221943845032461,10,analysis/annotation_workspace_nocyl/IHTest_202204_DistStA-20221110/path21/path21_step18/fitted.cyl,analysis/annotation_workspace_nocyl/IHTest_202204_DistStA-20221110/path21/path21_step18/fit.json
IHTest_202204_DistStA-20221110/Path21_DistStA/Path21_Step19,IHTest_202204_DistStA-20221110,path21,path21_step19,without_prior_cyl,6.471171513809507,10,analysis/annotation_workspace_nocyl/IHTest_202204_DistStA-20221110/path21/path21_step19/fitted.cyl,analysis/annotation_workspace_nocyl/IHTest_202204_DistStA-20221110/path21/path21_step19/fit.json
IHTest_202204_DistStA-20221110/Path21_DistStA/Path21_Step2,IHTest_202204_DistStA-20221110,path21,path21_step2,without_prior_cyl,5.759952474752561,10,analysis/annotation_workspace_nocyl/IHTest_202204_DistStA-20221110/path21/path21_step2/fitted.cyl,analysis/annotation_workspace_nocyl/IHTest_202204_DistStA-20221110/path21/path21_step2/fit.json
IHTest_202204_DistStA-20221110/Path21_DistStA/Path21_Step20,IHTest_202204_DistStA-20221110,path21,path21_step20,without_prior_cyl,7.0784018224235075,8,analysis/annotation_workspace_nocyl/IHTest_202204_DistStA-20221110/path21/path21_step20/fitted.cyl,analysis/annotation_workspace_nocyl/IHTest_202204_DistStA-20221110/path21/path21_step20/fit.json
IHTest_202204_DistStA-20221110/Path21_DistStA/Path21_Step21,IHTest_202204_DistStA-20221110,path21,path21_step21,without_prior_cyl,4.0859628712823834,10,analysis/annotation_workspace_nocyl/IHTest_202204_DistStA-20221110/path21/path21_step21/fitted.cyl,analysis/annotation_workspace_nocyl/IHTest_202204_DistStA-20221110/path21/path21_step21/fit.json
IHTest_202204_DistStA-20221110/Path21_DistStA/Path21_Step22,IHTest_202204_DistStA-20221110,path21,path21_step22,without_prior_cyl,1.5941001770927323,8,analysis/annotation_workspace_nocyl/IHTest_202204_DistStA-20221110/path21/path21_step22/fitted.cyl,analysis/annotation_workspace_nocyl/IHTest_202204_DistStA-20221110/path21/path21_step22/fit.json
IHTest_202204_DistStA-20221110/Path21_DistStA/Path21_Step23,IHTest_202204_DistStA-20221110,path21,path21_step23,without_prior_cyl,2.825335951201393,11,analysis/annotation_workspace_nocyl/IHTest_202204_DistStA-20221110/path21/path21_step23/fitted.cyl,analysis/annotation_workspace_nocyl/IHTest_202204_DistStA-20221110/path21/path21_step23/fit.json
IHTest_202204_DistStA-20221110/Path21_DistStA/Path21_Step3,IHTest_202204_DistStA-20221110,path21,path21_step3,without_prior_cyl,2.0909644366895512,9,analysis/annotation_workspace_nocyl/IHTest_202204_DistStA-20221110/path21/path21_step3/fitted.cyl,analysis/annotation_workspace_nocyl/IHTest_202204_DistStA-20221110/path21/path21_step3/fit.json
IHTest_202204_DistStA-20221110/Path21_DistStA/Path21_Step4,IHTest_202204_DistStA-20221110,path21,path21_step4,without_prior_cyl,4.363085858607849,11,analysis/annotation_workspace_nocyl/IHTest_202204_DistStA-20221110/path21/path21_step4/fitted.cyl,analysis/annotation_workspace_nocyl/IHTest_202204_DistStA-20221110/path21/path21_step4/fit.json
IHTest_202204_DistStA-20221110/Path21_DistStA/Path21_Step5,IHTest_202204_DistStA-20221110,path21,path21_step5,without_prior_cyl,2.0022817676930087,8,analysis/annotation_workspace_nocyl/IHTest_202204_DistStA-20221110/path21/path21_step5/fitted.cyl,analysis/annotation_workspace_nocyl/IHTest_202204_DistStA-20221110/path21/path21_step5/fit.json
IHTest_202204_DistStA-20221110/Path21_DistStA/Path21_Step6,IHTest_202204_DistStA-20221110,path21,path21_step6,without_prior_cyl,1.3658429740649625,8,analysis/annotation_workspace_nocyl/IHTest_202204_DistStA-20221110/path21/path21_step6/fitted.cyl,analysis/annotation_workspace_nocyl/IHTest_202204_DistStA-20221110/path21/path21_step6/fit.json
IHTest_202204_DistStA-20221110/Path21_DistStA/Path21_Step8,IHTest_202204_DistStA-20221110,path21,path21_step8,without_prior_cyl,2.0519403238507286,9,analysis/annotation_workspace_nocyl/IHTest_202204_DistStA-20221110/path21/path21_step8/fitted.cyl,analysis/annotation_workspace_nocyl/IHTest_202204_DistStA-20221110/path21/path21_step8/fit.json
IHTest_202204_DistStA-20221110/Path21_DistStA/Path21_Step9,IHTest_202204_DistStA-20221110,path21,path21_step9,without_prior_cyl,1.8204766995511206,10,analysis/annotation_workspace_nocyl/IHTest_202204_DistStA-20221110/path21/path21_step9/fitted.cyl,analysis/annotation_workspace_nocyl/IHTest_202204_DistStA-20221110/path21/path21_step9/fit.json
IHTest_202204_DistStA-20221110/Path25_DistStA/Path25_Step1,IHTest_202204_DistStA-20221110,path25,path25_step1,without_prior_cyl,1.6290495572682389,11,analysis/annotation_workspace_nocyl/IHTest_202204_DistStA-20221110/path25/path25_step1/fitted.cyl,analysis/annotation_workspace_nocyl/IHTest_202204_DistStA-20221110/path25/path25_step1/fit.json
IHTest_202204_DistStA-20221110/Path26_DistStA/Path26_Step1,IHTest_202204_DistStA-20221110,path26,path26_step1,without_prior_cyl,5.834689855833684,11,analysis/annotation_workspace_nocyl/IHTest_202204_DistStA-20221110/path26/path26_step1/fitted.cyl,analysis/annotation_workspace_nocyl/IHTest_202204_DistStA-20221110/path26/path26_step1/fit.json
IHTest_202204_DistStA-20221110/Path26_DistStA/Path26_Step10,IHTest_202204_DistStA-20221110,path26,path26_step10,without_prior_cyl,4.9991686443129,11,analysis/annotation_workspace_nocyl/IHTest_202204_DistStA-20221110/path26/path26_step10/fitted.cyl,analysis/annotation_workspace_nocyl/IHTest_202204_DistStA-20221110/path26/path26_step10/fit.json
IHTest_202204_DistStA-20221110/Path26_DistStA/Path26_Step11,IHTest_202204_DistStA-20221110,path26,path26_step11,without_prior_cyl,7.245736969096476,12,analysis/annotation_workspace_nocyl/IHTest_202204_DistStA-20221110/path26/path26_step11/fitted.cyl,analysis/annotation_workspace_nocyl/IHTest_202204_DistStA-20221110/path26/path26_step11/fit.json
IHTest_202204_DistStA-20221110/Path26_DistStA/Path26_Step12,IHTest_202204_DistStA-20221110,path26,path26_step12,without_prior_cyl,5.838719548943231,12,analysis/annotation_workspace_nocyl/IHTest_202204_DistStA-20221110/path26/path26_step12/fitted.cyl,analysis/annotation_workspace_nocyl/IHTest_202204_DistStA-20221110/path26/path26_step12/fit.json
IHTest_202204_DistStA-20221110/Path26_DistStA/Path26_Step13,IHTest_202204_DistStA-20221110,path26,path26_step13,without_prior_cyl,12.784418428691954,14,analysis/annotation_workspace_nocyl/IHTest_202204_DistStA-20221110/path26/path26_step13/fitted.cyl,analysis/annotation_workspace_nocyl/IHTest_202204_DistStA-20221110/path26/path26_step13/fit.json
IHTest_202204_DistStA-20221110/Path26_DistStA/Path26_Step14,IHTest_202204_DistStA-20221110,path26,path26_step14,without_prior_cyl,10.495242905567153,12,analysis/annotation_workspace_nocyl/IHTest_202204_DistStA-20221110/path26/path26_step14/fitted.cyl,analysis/annotation_workspace_nocyl/IHTest_202204_DistStA-20221110/path26/path26_step14/fit.json
IHTest_202204_DistStA-20221110/Path26_DistStA/Path26_Step15,IHTest_202204_DistStA-20221110,path26,path26_step15,without_prior_cyl,17.388489166616562,13,analysis/annotation_workspace_nocyl/IHTest_202204_DistStA-20221110/path26/path26_step15/fitted.cyl,analysis/annotation_workspace_nocyl/IHTest_202204_DistStA-20221110/path26/path26_step15/fit.json
IHTest_202204_DistStA-20221110/Path26_DistStA/Path26_Step16,IHTest_202204_DistStA-20221110,path26,path26_step16,without_prior_cyl,7.296121867610245,13,analysis/annotation_workspace_nocyl/IHTest_202204_DistStA-20221110/path26/path26_step16/fitted.cyl,analysis/annotation_workspace_nocyl/IHTest_202204_DistStA-20221110/path26/path26_step16/fit.json
IHTest_202204_DistStA-20221110/Path26_DistStA/Path26_Step17,IHTest_202204_DistStA-20221110,path26,path26_step17,without_prior_cyl,4.2543855556050065,13,analysis/annotation_workspace_nocyl/IHTest_202204_DistStA-20221110/path26/path26_step17/fitted.cyl,analysis/annotation_workspace_nocyl/IHTest_202204_DistStA-20221110/path26/path26_step17/fit.json
IHTest_202204_DistStA-20221110/Path26_DistStA/Path26_Step18,IHTest_202204_DistStA-20221110,path26,path26_step18,without_prior_cyl,24.12558834369538,12,analysis/annotation_workspace_nocyl/IHTest_202204_DistStA-20221110/path26/path26_step18/fitted.cyl,analysis/annotation_workspace_nocyl/IHTest_202204_DistStA-20221110/path26/path26_step18/fit.json
IHTest_202204_DistStA-20221110/Path26_DistStA/Path26_Step2,IHTest_202204_DistStA-20221110,path26,path26_step2,without_prior_cyl,2.7815165767020127,10,analysis/annotation_workspace_nocyl/IHTest_202204_DistStA-20221110/path26/path26_step2/fitted.cyl,analysis/annotation_workspace_nocyl/IHTest_202204_DistStA-20221110/path26/path26_step2/fit.json
IHTest_202204_DistStA-20221110/Path26_DistStA/Path26_Step20,IHTest_202204_DistStA-20221110,path26,path26_step20,without_prior_cyl,13.667306338290189,12,analysis/annotation_workspace_nocyl/IHTest_202204_DistStA-20221110/path26/path26_step20/fitted.cyl,analysis/annotation_workspace_nocyl/IHTest_202204_DistStA-20221110/path26/path26_step20/fit.json
IHTest_202204_DistStA-20221110/Path26_DistStA/Path26_Step21,IHTest_202204_DistStA-20221110,path26,path26_step21,without_prior_cyl,5.172280705769117,8,analysis/annotation_workspace_nocyl/IHTest_202204_DistStA-20221110/path26/path26_step21/fitted.cyl,analysis/annotation_workspace_nocyl/IHTest_202204_DistStA-20221110/path26/path26_step21/fit.json
IHTest_202204_DistStA-20221110/Path26_DistStA/Path26_Step22,IHTest_202204_DistStA-20221110,path26,path26_step22,without_prior_cyl,25.04110385708777,11,analysis/annotation_workspace_nocyl/IHTest_202204_DistStA-20221110/path26/path26_step22/fitted.cyl,analysis/annotation_workspace_nocyl/IHTest_202204_DistStA-20221110/path26/path26_step22/fit.json
IHTest_202204_DistStA-20221110/Path26_DistStA/Path26_Step23,IHTest_202204_DistStA-20221110,path26,path26_step23,without_prior_cyl,5.165666213391741,16,analysis/annotation_workspace_nocyl/IHTest_202204_DistStA-20221110/path26/path26_step23/fitted.cyl,analysis/annotation_workspace_nocyl/IHTest_202204_DistStA-20221110/path26/path26_step23/fit.json
IHTest_202204_DistStA-20221110/Path26_DistStA/Path26_Step24,IHTest_202204_DistStA-20221110,path26,path26_step24,without_prior_cyl,7.8381174883786615,13,analysis/annotation_workspace_nocyl/IHTest_202204_DistStA-20221110/path26/path26_step24/fitted.cyl,analysis/annotation_workspace_nocyl/IHTest_202204_DistStA-20221110/path26/path26_step24/fit.json
IHTest_202204_DistStA-20221110/Path26_DistStA/Path26_Step25,IHTest_202204_DistStA-20221110,path26,path26_step25,without_prior_cyl,5.523182894355101,13,analysis/annotation_workspace_nocyl/IHTest_202204_DistStA-20221110/path26/path26_step25/fitted.cyl,analysis/annotation_workspace_nocyl/IHTest_202204_DistStA-20221110/path26/path26_step25/fit.json
IHTest_202204_DistStA-20221110/Path26_DistStA/Path26_Step26,IHTest_202204_DistStA-20221110,path26,path26_step26,without_prior_cyl,14.02821573302662,12,analysis/annotation_workspace_nocyl/IHTest_202204_DistStA-20221110/path26/path26_step26/fitted.cyl,analysis/annotation_workspace_nocyl/IHTest_202204_DistStA-20221110/path26/path26_step26/fit.json
IHTest_202204_DistStA-20221110/Path26_DistStA/Path26_Step27,IHTest_202204_DistStA-20221110,path26,path26_step27,without_prior_cyl,7.74426646805407,14,analysis/annotation_workspace_nocyl/IHTest_202204_DistStA-20221110/path26/path26_step27/fitted.cyl,analysis/annotation_workspace_nocyl/IHTest_202204_DistStA-20221110/path26/path26_step27/fit.json
IHTest_202204_DistStA-20221110/Path26_DistStA/Path26_Step3,IHTest_202204_DistStA-20221110,path26,path26_step3,without_prior_cyl,11.16789709137562,8,analysis/annotation_workspace_nocyl/IHTest_202204_DistStA-20221110/path26/path26_step3/fitted.cyl,analysis/annotation_workspace_nocyl/IHTest_202204_DistStA-20221110/path26/path26_step3/fit.json
IHTest_202204_DistStA-20221110/Path26_DistStA/Path26_Step4,IHTest_202204_DistStA-20221110,path26,path26_step4,without_prior_cyl,11.46616924391257,8,analysis/annotation_workspace_nocyl/IHTest_202204_DistStA-20221110/path26/path26_step4/fitted.cyl,analysis/annotation_workspace_nocyl/IHTest_202204_DistStA-20221110/path26/path26_step4/fit.json
IHTest_202204_DistStA-20221110/Path26_DistStA/Path26_Step5,IHTest_202204_DistStA-20221110,path26,path26_step5,without_prior_cyl,10.450446753049423,15,analysis/annotation_workspace_nocyl/IHTest_202204_DistStA-20221110/path26/path26_step5/fitted.cyl,analysis/annotation_workspace_nocyl/IHTest_202204_DistStA-20221110/path26/path26_step5/fit.json
IHTest_202204_DistStA-20221110/Path26_DistStA/Path26_Step6,IHTest_202204_DistStA-20221110,path26,path26_step6,without_prior_cyl,9.172974683996044,11,analysis/annotation_workspace_nocyl/IHTest_202204_DistStA-20221110/path26/path26_step6/fitted.cyl,analysis/annotation_workspace_nocyl/IHTest_202204_DistStA-20221110/path26/path26_step6/fit.json
IHTest_202204_DistStA-20221110/Path26_DistStA/Path26_Step7,IHTest_202204_DistStA-20221110,path26,path26_step7,without_prior_cyl,6.184430588306363,8,analysis/annotation_workspace_nocyl/IHTest_202204_DistStA-20221110/path26/path26_step7/fitted.cyl,analysis/annotation_workspace_nocyl/IHTest_202204_DistStA-20221110/path26/path26_step7/fit.json
IHTest_202204_DistStA-20221110/Path26_DistStA/Path26_Step8,IHTest_202204_DistStA-20221110,path26,path26_step8,without_prior_cyl,21.889291467579064,13,analysis/annotation_workspace_nocyl/IHTest_202204_DistStA-20221110/path26/path26_step8/fitted.cyl,analysis/annotation_workspace_nocyl/IHTest_202204_DistStA-20221110/path26/path26_step8/fit.json
IHTest_202204_DistStA-20221110/Path26_DistStA/Path26_Step9,IHTest_202204_DistStA-20221110,path26,path26_step9,without_prior_cyl,6.175899511819214,10,analysis/annotation_workspace_nocyl/IHTest_202204_DistStA-20221110/path26/path26_step9/fitted.cyl,analysis/annotation_workspace_nocyl/IHTest_202204_DistStA-20221110/path26/path26_step9/fit.json
IHTest_202204_DistStA-20221110/Path28_DistStA/Path28_Step1,IHTest_202204_DistStA-20221110,path28,path28_step1,without_prior_cyl,2.1037156454767145,8,analysis/annotation_workspace_nocyl/IHTest_202204_DistStA-20221110/path28/path28_step1/fitted.cyl,analysis/annotation_workspace_nocyl/IHTest_202204_DistStA-20221110/path28/path28_step1/fit.json
IHTest_202204_DistStA-20221110/Path28_DistStA/Path28_Step10,IHTest_202204_DistStA-20221110,path28,path28_step10,without_prior_cyl,3.881936442390352,13,analysis/annotation_workspace_nocyl/IHTest_202204_DistStA-20221110/path28/path28_step10/fitted.cyl,analysis/annotation_workspace_nocyl/IHTest_202204_DistStA-20221110/path28/path28_step10/fit.json
IHTest_202204_DistStA-20221110/Path28_DistStA/Path28_Step11,IHTest_202204_DistStA-20221110,path28,path28_step11,without_prior_cyl,4.060202547932909,11,analysis/annotation_workspace_nocyl/IHTest_202204_DistStA-20221110/path28/path28_step11/fitted.cyl,analysis/annotation_workspace_nocyl/IHTest_202204_DistStA-20221110/path28/path28_step11/fit.json
IHTest_202204_DistStA-20221110/Path28_DistStA/Path28_Step12,IHTest_202204_DistStA-20221110,path28,path28_step12,without_prior_cyl,2.8855678373610956,10,analysis/annotation_workspace_nocyl/IHTest_202204_DistStA-20221110/path28/path28_step12/fitted.cyl,analysis/annotation_workspace_nocyl/IHTest_202204_DistStA-20221110/path28/path28_step12/fit.json
IHTest_202204_DistStA-20221110/Path28_DistStA/Path28_Step13,IHTest_202204_DistStA-20221110,path28,path28_step13,without_prior_cyl,2.1065080922504764,8,analysis/annotation_workspace_nocyl/IHTest_202204_DistStA-20221110/path28/path28_step13/fitted.cyl,analysis/annotation_workspace_nocyl/IHTest_202204_DistStA-20221110/path28/path28_step13/fit.json
IHTest_202204_DistStA-20221110/Path28_DistStA/Path28_Step14,IHTest_202204_DistStA-20221110,path28,path28_step14,without_prior_cyl,5.2174489645402735,10,analysis/annotation_workspace_nocyl/IHTest_202204_DistStA-20221110/path28/path28_step14/fitted.cyl,analysis/annotation_workspace_nocyl/IHTest_202204_DistStA-20221110/path28/path28_step14/fit.json
IHTest_202204_DistStA-20221110/Path28_DistStA/Path28_Step15,IHTest_202204_DistStA-20221110,path28,path28_step15,without_prior_cyl,3.24240493660319,8,analysis/annotation_workspace_nocyl/IHTest_202204_DistStA-20221110/path28/path28_step15/fitted.cyl,analysis/annotation_workspace_nocyl/IHTest_202204_DistStA-20221110/path28/path28_step15/fit.json
IHTest_202204_DistStA-20221110/Path28_DistStA/Path28_Step16,IHTest_202204_DistStA-20221110,path28,path28_step16,without_prior_cyl,2.173615289293933,8,analysis/annotation_workspace_nocyl/IHTest_202204_DistStA-20221110/path28/path28_step16/fitted.cyl,analysis/annotation_workspace_nocyl/IHTest_202204_DistStA-20221110/path28/path28_step16/fit.json
IHTest_202204_DistStA-20221110/Path28_DistStA/Path28_Step2,IHTest_202204_DistStA-20221110,path28,path28_step2,without_prior_cyl,1.0844160875128785,8,analysis/annotation_workspace_nocyl/IHTest_202204_DistStA-20221110/path28/path28_step2/fitted.cyl,analysis/annotation_workspace_nocyl/IHTest_202204_DistStA-20221110/path28/path28_step2/fit.json
IHTest_202204_DistStA-20221110/Path28_DistStA/Path28_Step3,IHTest_202204_DistStA-20221110,path28,path28_step3,without_prior_cyl,0.6711828520907781,8,analysis/annotation_workspace_nocyl/IHTest_202204_DistStA-20221110/path28/path28_step3/fitted.cyl,analysis/annotation_workspace_nocyl/IHTest_202204_DistStA-20221110/path28/path28_step3/fit.json
IHTest_202204_DistStA-20221110/Path28_DistStA/Path28_Step4,IHTest_202204_DistStA-20221110,path28,path28_step4,without_prior_cyl,2.900089941434382,10,analysis/annotation_workspace_nocyl/IHTest_202204_DistStA-20221110/path28/path28_step4/fitted.cyl,analysis/annotation_workspace_nocyl/IHTest_202204_DistStA-20221110/path28/path28_step4/fit.json
IHTest_202204_DistStA-20221110/Path28_DistStA/Path28_Step5,IHTest_202204_DistStA-20221110,path28,path28_step5,without_prior_cyl,0.6323241843084212,8,analysis/annotation_workspace_nocyl/IHTest_202204_DistStA-20221110/path28/path28_step5/fitted.cyl,analysis/annotation_workspace_nocyl/IHTest_202204_DistStA-20221110/path28/path28_step5/fit.json
IHTest_202204_DistStA-20221110/Path28_DistStA/Path28_Step6,IHTest_202204_DistStA-20221110,path28,path28_step6,without_prior_cyl,1.9376356048910468,10,analysis/annotation_workspace_nocyl/IHTest_202204_DistStA-20221110/path28/path28_step6/fitted.cyl,analysis/annotation_workspace_nocyl/IHTest_202204_DistStA-20221110/path28/path28_step6/fit.json
IHTest_202204_DistStA-20221110/Path28_DistStA/Path28_Step7,IHTest_202204_DistStA-20221110,path28,path28_step7,without_prior_cyl,1.9253640462543102,8,analysis/annotation_workspace_nocyl/IHTest_202204_DistStA-20221110/path28/path28_step7/fitted.cyl,analysis/annotation_workspace_nocyl/IHTest_202204_DistStA-20221110/path28/path28_step7/fit.json
IHTest_202204_DistStA-20221110/Path28_DistStA/Path28_Step8,IHTest_202204_DistStA-20221110,path28,path28_step8,without_prior_cyl,1.5302357788038843,8,analysis/annotation_workspace_nocyl/IHTest_202204_DistStA-20221110/path28/path28_step8/fitted.cyl,analysis/annotation_workspace_nocyl/IHTest_202204_DistStA-20221110/path28/path28_step8/fit.json
IHTest_202204_DistStA-20221110/Path28_DistStA/Path28_Step9,IHTest_202204_DistStA-20221110,path28,path28_step9,without_prior_cyl,6.84275965559945,14,analysis/annotation_workspace_nocyl/IHTest_202204_DistStA-20221110/path28/path28_step9/fitted.cyl,analysis/annotation_workspace_nocyl/IHTest_202204_DistStA-20221110/path28/path28_step9/fit.json
IHTest_202204_DistStA-20221110/Path30_DistStA/Path30_Step1,IHTest_202204_DistStA-20221110,path30,path30_step1,without_prior_cyl,1.2584911513766663,10,analysis/annotation_workspace_nocyl/IHTest_202204_DistStA-20221110/path30/path30_step1/fitted.cyl,analysis/annotation_workspace_nocyl/IHTest_202204_DistStA-20221110/path30/path30_step1/fit.json
IHTest_202204_DistStA-20221110/Path31_DistStA/Path31_Step1,IHTest_202204_DistStA-20221110,path31,path31_step1,without_prior_cyl,1.2413388821906328,8,analysis/annotation_workspace_nocyl/IHTest_202204_DistStA-20221110/path31/path31_step1/fitted.cyl,analysis/annotation_workspace_nocyl/IHTest_202204_DistStA-20221110/path31/path31_step1/fit.json
IHTest_202204_DistStA-20221110/Path31_DistStA/Path31_Step10,IHTest_202204_DistStA-20221110,path31,path31_step10,without_prior_cyl,5.587624380605786,10,analysis/annotation_workspace_nocyl/IHTest_202204_DistStA-20221110/path31/path31_step10/fitted.cyl,analysis/annotation_workspace_nocyl/IHTest_202204_DistStA-20221110/path31/path31_step10/fit.json
IHTest_202204_DistStA-20221110/Path31_DistStA/Path31_Step11,IHTest_202204_DistStA-20221110,path31,path31_step11,without_prior_cyl,3.3018290491542794,10,analysis/annotation_workspace_nocyl/IHTest_202204_DistStA-20221110/path31/path31_step11/fitted.cyl,analysis/annotation_workspace_nocyl/IHTest_202204_DistStA-20221110/path31/path31_step11/fit.json
IHTest_202204_DistStA-20221110/Path31_DistStA/Path31_Step12,IHTest_202204_DistStA-20221110,path31,path31_step12,without_prior_cyl,16.197284814766608,8,analysis/annotation_workspace_nocyl/IHTest_202204_DistStA-20221110/path31/path31_step12/fitted.cyl,analysis/annotation_workspace_nocyl/IHTest_202204_DistStA-20221110/path31/path31_step12/fit.json
IHTest_202204_DistStA-20221110/Path31_DistStA/Path31_Step13,IHTest_202204_DistStA-20221110,path31,path31_step13,without_prior_cyl,3.5164744315402063,9,analysis/annotation_workspace_nocyl/IHTest_202204_DistStA-20221110/path31/path31_step13/fitted.cyl,analysis/annotation_workspace_nocyl/IHTest_202204_DistStA-20221110/path31/path31_step13/fit.json
IHTest_202204_DistStA-20221110/Path31_DistStA/Path31_Step14,IHTest_202204_DistStA-20221110,path31,path31_step14,without_prior_cyl,7.59153942884805,8,analysis/annotation_workspace_nocyl/IHTest_202204_DistStA-20221110/path31/path31_step14/fitted.cyl,analysis/annotation_workspace_nocyl/IHTest_202204_DistStA-20221110/path31/path31_step14/fit.json
IHTest_202204_DistStA-20221110/Path31_DistStA/Path31_Step17,IHTest_202204_DistStA-20221110,path31,path31_step17,without_prior_cyl,137.171652323985,8,analysis/annotation_workspace_nocyl/IHTest_202204_DistStA-20221110/path31/path31_step17/fitted.cyl,analysis/annotation_workspace_nocyl/IHTest_202204_DistStA-20221110/path31/path31_step17/fit.json
IHTest_202204_DistStA-20221110/Path31_DistStA/Path31_Step18,IHTest_202204_DistStA-20221110,path31,path31_step18,without_prior_cyl,22.105018055959462,8,analysis/annotation_workspace_nocyl/IHTest_202204_DistStA-20221110/path31/path31_step18/fitted.cyl,analysis/annotation_workspace_nocyl/IHTest_202204_DistStA-20221110/path31/path31_step18/fit.json
IHTest_202204_DistStA-20221110/Path31_DistStA/Path31_Step19,IHTest_202204_DistStA-20221110,path31,path31_step19,without_prior_cyl,9.032850460856297,12,analysis/annotation_workspace_nocyl/IHTest_202204_DistStA-20221110/path31/path31_step19/fitted.cyl,analysis/annotation_workspace_nocyl/IHTest_202204_DistStA-20221110/path31/path31_step19/fit.json
IHTest_202204_DistStA-20221110/Path31_DistStA/Path31_Step2,IHTest_202204_DistStA-20221110,path31,path31_step2,without_prior_cyl,1.8610760306855214,9,analysis/annotation_workspace_nocyl/IHTest_202204_DistStA-20221110/path31/path31_step2/fitted.cyl,analysis/annotation_workspace_nocyl/IHTest_202204_DistStA-20221110/path31/path31_step2/fit.json
IHTest_202204_DistStA-20221110/Path31_DistStA/Path31_Step20,IHTest_202204_DistStA-20221110,path31,path31_step20,without_prior_cyl,2.4907081508580275,9,analysis/annotation_workspace_nocyl/IHTest_202204_DistStA-20221110/path31/path31_step20/fitted.cyl,analysis/annotation_workspace_nocyl/IHTest_202204_DistStA-20221110/path31/path31_step20/fit.json
IHTest_202204_DistStA-20221110/Path31_DistStA/Path31_Step3,IHTest_202204_DistStA-20221110,path31,path31_step3,without_prior_cyl,3.026696013106697,11,analysis/annotation_workspace_nocyl/IHTest_202204_DistStA-20221110/path31/path31_step3/fitted.cyl,analysis/annotation_workspace_nocyl/IHTest_202204_DistStA-20221110/path31/path31_step3/fit.json
IHTest_202204_DistStA-20221110/Path31_DistStA/Path31_Step4,IHTest_202204_DistStA-20221110,path31,path31_step4,without_prior_cyl,2.7941215178791277,11,analysis/annotation_workspace_nocyl/IHTest_202204_DistStA-20221110/path31/path31_step4/fitted.cyl,analysis/annotation_workspace_nocyl/IHTest_202204_DistStA-20221110/path31/path31_step4/fit.json
IHTest_202204_DistStA-20221110/Path31_DistStA/Path31_Step5,IHTest_202204_DistStA-20221110,path31,path31_step5,without_prior_cyl,2.7947593556345187,11,analysis/annotation_workspace_nocyl/IHTest_202204_DistStA-20221110/path31/path31_step5/fitted.cyl,analysis/annotation_workspace_nocyl/IHTest_202204_DistStA-20221110/path31/path31_step5/fit.json
IHTest_202204_DistStA-20221110/Path31_DistStA/Path31_Step6,IHTest_202204_DistStA-20221110,path31,path31_step6,without_prior_cyl,2.9233114510597704,12,analysis/annotation_workspace_nocyl/IHTest_202204_DistStA-20221110/path31/path31_step6/fitted.cyl,analysis/annotation_workspace_nocyl/IHTest_202204_DistStA-20221110/path31/path31_step6/fit.json
IHTest_202204_DistStA-20221110/Path31_DistStA/Path31_Step7,IHTest_202204_DistStA-20221110,path31,path31_step7,without_prior_cyl,1.8439198516487636,11,analysis/annotation_workspace_nocyl/IHTest_202204_DistStA-20221110/path31/path31_step7/fitted.cyl,analysis/annotation_workspace_nocyl/IHTest_202204_DistStA-20221110/path31/path31_step7/fit.json
IHTest_202204_DistStA-20221110/Path31_DistStA/Path31_Step8,IHTest_202204_DistStA-20221110,path31,path31_step8,without_prior_cyl,3.2036572761626783,13,analysis/annotation_workspace_nocyl/IHTest_202204_DistStA-20221110/path31/path31_step8/fitted.cyl,analysis/annotation_workspace_nocyl/IHTest_202204_DistStA-20221110/path31/path31_step8/fit.json
IHTest_202204_DistStA-20221110/Path31_DistStA/Path31_Step9,IHTest_202204_DistStA-20221110,path31,path31_step9,without_prior_cyl,2.206656025952265,12,analysis/annotation_workspace_nocyl/IHTest_202204_DistStA-20221110/path31/path31_step9/fitted.cyl,analysis/annotation_workspace_nocyl/IHTest_202204_DistStA-20221110/path31/path31_step9/fit.json
IHTest_202204_DistStA-20221110/Path33_DistStA/Path33_Step1,IHTest_202204_DistStA-20221110,path33,path33_step1,without_prior_cyl,2.684025673943722,9,analysis/annotation_workspace_nocyl/IHTest_202204_DistStA-20221110/path33/path33_step1/fitted.cyl,analysis/annotation_workspace_nocyl/IHTest_202204_DistStA-20221110/path33/path33_step1/fit.json
IHTest_202204_DistStA-20221110/Path33_DistStA/Path33_Step10,IHTest_202204_DistStA-20221110,path33,path33_step10,without_prior_cyl,1.9455307672534377,8,analysis/annotation_workspace_nocyl/IHTest_202204_DistStA-20221110/path33/path33_step10/fitted.cyl,analysis/annotation_workspace_nocyl/IHTest_202204_DistStA-20221110/path33/path33_step10/fit.json
IHTest_202204_DistStA-20221110/Path33_DistStA/Path33_Step12,IHTest_202204_DistStA-20221110,path33,path33_step12,without_prior_cyl,5.266341125932504,9,analysis/annotation_workspace_nocyl/IHTest_202204_DistStA-20221110/path33/path33_step12/fitted.cyl,analysis/annotation_workspace_nocyl/IHTest_202204_DistStA-20221110/path33/path33_step12/fit.json
IHTest_202204_DistStA-20221110/Path33_DistStA/Path33_Step13,IHTest_202204_DistStA-20221110,path33,path33_step13,without_prior_cyl,4.602784449208559,9,analysis/annotation_workspace_nocyl/IHTest_202204_DistStA-20221110/path33/path33_step13/fitted.cyl,analysis/annotation_workspace_nocyl/IHTest_202204_DistStA-20221110/path33/path33_step13/fit.json
IHTest_202204_DistStA-20221110/Path33_DistStA/Path33_Step14,IHTest_202204_DistStA-20221110,path33,path33_step14,without_prior_cyl,7.695466681199434,11,analysis/annotation_workspace_nocyl/IHTest_202204_DistStA-20221110/path33/path33_step14/fitted.cyl,analysis/annotation_workspace_nocyl/IHTest_202204_DistStA-20221110/path33/path33_step14/fit.json
IHTest_202204_DistStA-20221110/Path33_DistStA/Path33_Step15,IHTest_202204_DistStA-20221110,path33,path33_step15,without_prior_cyl,1.5520785064929667,10,analysis/annotation_workspace_nocyl/IHTest_202204_DistStA-20221110/path33/path33_step15/fitted.cyl,analysis/annotation_workspace_nocyl/IHTest_202204_DistStA-20221110/path33/path33_step15/fit.json
IHTest_202204_DistStA-20221110/Path33_DistStA/Path33_Step16,IHTest_202204_DistStA-20221110,path33,path33_step16,without_prior_cyl,1.9858223958450967,9,analysis/annotation_workspace_nocyl/IHTest_202204_DistStA-20221110/path33/path33_step16/fitted.cyl,analysis/annotation_workspace_nocyl/IHTest_202204_DistStA-20221110/path33/path33_step16/fit.json
IHTest_202204_DistStA-20221110/Path33_DistStA/Path33_Step2,IHTest_202204_DistStA-20221110,path33,path33_step2,without_prior_cyl,2.597054530781048,12,analysis/annotation_workspace_nocyl/IHTest_202204_DistStA-20221110/path33/path33_step2/fitted.cyl,analysis/annotation_workspace_nocyl/IHTest_202204_DistStA-20221110/path33/path33_step2/fit.json
IHTest_202204_DistStA-20221110/Path33_DistStA/Path33_Step3,IHTest_202204_DistStA-20221110,path33,path33_step3,without_prior_cyl,2.4959294221093753,9,analysis/annotation_workspace_nocyl/IHTest_202204_DistStA-20221110/path33/path33_step3/fitted.cyl,analysis/annotation_workspace_nocyl/IHTest_202204_DistStA-20221110/path33/path33_step3/fit.json
IHTest_202204_DistStA-20221110/Path33_DistStA/Path33_Step4,IHTest_202204_DistStA-20221110,path33,path33_step4,without_prior_cyl,2.634295390939413,9,analysis/annotation_workspace_nocyl/IHTest_202204_DistStA-20221110/path33/path33_step4/fitted.cyl,analysis/annotation_workspace_nocyl/IHTest_202204_DistStA-20221110/path33/path33_step4/fit.json
IHTest_202204_DistStA-20221110/Path33_DistStA/Path33_Step5,IHTest_202204_DistStA-20221110,path33,path33_step5,without_prior_cyl,2.5542563193059005,10,analysis/annotation_workspace_nocyl/IHTest_202204_DistStA-20221110/path33/path33_step5/fitted.cyl,analysis/annotation_workspace_nocyl/IHTest_202204_DistStA-20221110/path33/path33_step5/fit.json
IHTest_202204_DistStA-20221110/Path33_DistStA/Path33_Step6,IHTest_202204_DistStA-20221110,path33,path33_step6,without_prior_cyl,4.2630062365188435,11,analysis/annotation_workspace_nocyl/IHTest_202204_DistStA-20221110/path33/path33_step6/fitted.cyl,analysis/annotation_workspace_nocyl/IHTest_202204_DistStA-20221110/path33/path33_step6/fit.json
IHTest_202204_DistStA-20221110/Path33_DistStA/Path33_Step7,IHTest_202204_DistStA-20221110,path33,path33_step7,without_prior_cyl,3.2485139744656877,10,analysis/annotation_workspace_nocyl/IHTest_202204_DistStA-20221110/path33/path33_step7/fitted.cyl,analysis/annotation_workspace_nocyl/IHTest_202204_DistStA-20221110/path33/path33_step7/fit.json
IHTest_202204_DistStA-20221110/Path33_DistStA/Path33_Step8,IHTest_202204_DistStA-20221110,path33,path33_step8,without_prior_cyl,2.223634897568643,9,analysis/annotation_workspace_nocyl/IHTest_202204_DistStA-20221110/path33/path33_step8/fitted.cyl,analysis/annotation_workspace_nocyl/IHTest_202204_DistStA-20221110/path33/path33_step8/fit.json
IHTest_202204_DistStA-20221110/Path33_DistStA/Path33_Step9,IHTest_202204_DistStA-20221110,path33,path33_step9,without_prior_cyl,3.869564795931503,8,analysis/annotation_workspace_nocyl/IHTest_202204_DistStA-20221110/path33/path33_step9/fitted.cyl,analysis/annotation_workspace_nocyl/IHTest_202204_DistStA-20221110/path33/path33_step9/fit.json
IHTest_202204_DistStA-20221110/Path35_DistStA/Path35_Step1,IHTest_202204_DistStA-20221110,path35,path35_step1,without_prior_cyl,1.5683870407957563,10,analysis/annotation_workspace_nocyl/IHTest_202204_DistStA-20221110/path35/path35_step1/fitted.cyl,analysis/annotation_workspace_nocyl/IHTest_202204_DistStA-20221110/path35/path35_step1/fit.json
IHTest_202204_DistStA-20221110/Path36_DistStA/Path36_Step1,IHTest_202204_DistStA-20221110,path36,path36_step1,without_prior_cyl,1.5100170541313955,12,analysis/annotation_workspace_nocyl/IHTest_202204_DistStA-20221110/path36/path36_step1/fitted.cyl,analysis/annotation_workspace_nocyl/IHTest_202204_DistStA-20221110/path36/path36_step1/fit.json
IHTest_202204_DistStA-20221110/Path36_DistStA/Path36_Step11,IHTest_202204_DistStA-20221110,path36,path36_step11,without_prior_cyl,1.9817461164060972,12,analysis/annotation_workspace_nocyl/IHTest_202204_DistStA-20221110/path36/path36_step11/fitted.cyl,analysis/annotation_workspace_nocyl/IHTest_202204_DistStA-20221110/path36/path36_step11/fit.json
IHTest_202204_DistStA-20221110/Path36_DistStA/Path36_Step16,IHTest_202204_DistStA-20221110,path36,path36_step16,without_prior_cyl,1.8497460864932438,11,analysis/annotation_workspace_nocyl/IHTest_202204_DistStA-20221110/path36/path36_step16/fitted.cyl,analysis/annotation_workspace_nocyl/IHTest_202204_DistStA-20221110/path36/path36_step16/fit.json
IHTest_202204_DistStA-20221110/Path36_DistStA/Path36_Step2,IHTest_202204_DistStA-20221110,path36,path36_step2,without_prior_cyl,1.6965267009138185,9,analysis/annotation_workspace_nocyl/IHTest_202204_DistStA-20221110/path36/path36_step2/fitted.cyl,analysis/annotation_workspace_nocyl/IHTest_202204_DistStA-20221110/path36/path36_step2/fit.json
IHTest_202204_DistStA-20221110/Path36_DistStA/Path36_Step21,IHTest_202204_DistStA-20221110,path36,path36_step21,without_prior_cyl,1.6189622726248363,10,analysis/annotation_workspace_nocyl/IHTest_202204_DistStA-20221110/path36/path36_step21/fitted.cyl,analysis/annotation_workspace_nocyl/IHTest_202204_DistStA-20221110/path36/path36_step21/fit.json
IHTest_202204_DistStA-20221110/Path36_DistStA/Path36_Step26,IHTest_202204_DistStA-20221110,path36,path36_step26,without_prior_cyl,7.195953860661436,15,analysis/annotation_workspace_nocyl/IHTest_202204_DistStA-20221110/path36/path36_step26/fitted.cyl,analysis/annotation_workspace_nocyl/IHTest_202204_DistStA-20221110/path36/path36_step26/fit.json
IHTest_202204_DistStA-20221110/Path36_DistStA/Path36_Step31,IHTest_202204_DistStA-20221110,path36,path36_step31,without_prior_cyl,2.43479028331931,12,analysis/annotation_workspace_nocyl/IHTest_202204_DistStA-20221110/path36/path36_step31/fitted.cyl,analysis/annotation_workspace_nocyl/IHTest_202204_DistStA-20221110/path36/path36_step31/fit.json
IHTest_202204_DistStA-20221110/Path36_DistStA/Path36_Step38,IHTest_202204_DistStA-20221110,path36,path36_step38,without_prior_cyl,1.330349965175467,10,analysis/annotation_workspace_nocyl/IHTest_202204_DistStA-20221110/path36/path36_step38/fitted.cyl,analysis/annotation_workspace_nocyl/IHTest_202204_DistStA-20221110/path36/path36_step38/fit.json
IHTest_202204_DistStA-20221110/Path36_DistStA/Path36_Step41,IHTest_202204_DistStA-20221110,path36,path36_step41,without_prior_cyl,2.7300471113377354,11,analysis/annotation_workspace_nocyl/IHTest_202204_DistStA-20221110/path36/path36_step41/fitted.cyl,analysis/annotation_workspace_nocyl/IHTest_202204_DistStA-20221110/path36/path36_step41/fit.json
IHTest_202204_DistStA-20221110/Path36_DistStA/Path36_Step6,IHTest_202204_DistStA-20221110,path36,path36_step6,without_prior_cyl,1.9748334083576875,12,analysis/annotation_workspace_nocyl/IHTest_202204_DistStA-20221110/path36/path36_step6/fitted.cyl,analysis/annotation_workspace_nocyl/IHTest_202204_DistStA-20221110/path36/path36_step6/fit.json
IHTest_202204_DistStA-20221110/Path38_DistStA/Path38_Step1,IHTest_202204_DistStA-20221110,path38,path38_step1,without_prior_cyl,3.36188214204456,13,analysis/annotation_workspace_nocyl/IHTest_202204_DistStA-20221110/path38/path38_step1/fitted.cyl,analysis/annotation_workspace_nocyl/IHTest_202204_DistStA-20221110/path38/path38_step1/fit.json
IHTest_202204_DistStA-20221110/Path38_DistStA/Path38_Step15,IHTest_202204_DistStA-20221110,path38,path38_step15,without_prior_cyl,8.709715562797676,12,analysis/annotation_workspace_nocyl/IHTest_202204_DistStA-20221110/path38/path38_step15/fitted.cyl,analysis/annotation_workspace_nocyl/IHTest_202204_DistStA-20221110/path38/path38_step15/fit.json
IHTest_202204_DistStA-20221110/Path38_DistStA/Path38_Step2,IHTest_202204_DistStA-20221110,path38,path38_step2,without_prior_cyl,1.0408517509416852,11,analysis/annotation_workspace_nocyl/IHTest_202204_DistStA-20221110/path38/path38_step2/fitted.cyl,analysis/annotation_workspace_nocyl/IHTest_202204_DistStA-20221110/path38/path38_step2/fit.json
IHTest_202204_DistStA-20221110/Path38_DistStA/Path38_Step4,IHTest_202204_DistStA-20221110,path38,path38_step4,without_prior_cyl,0.7261758673797136,8,analysis/annotation_workspace_nocyl/IHTest_202204_DistStA-20221110/path38/path38_step4/fitted.cyl,analysis/annotation_workspace_nocyl/IHTest_202204_DistStA-20221110/path38/path38_step4/fit.json
IHTest_202204_DistStA-20221110/Path38_DistStA/Path38_Step5,IHTest_202204_DistStA-20221110,path38,path38_step5,without_prior_cyl,3.7544773162791087,9,analysis/annotation_workspace_nocyl/IHTest_202204_DistStA-20221110/path38/path38_step5/fitted.cyl,analysis/annotation_workspace_nocyl/IHTest_202204_DistStA-20221110/path38/path38_step5/fit.json
IHTest_202204_DistStA-20221110/Path38_DistStA/Path38_Step7,IHTest_202204_DistStA-20221110,path38,path38_step7,without_prior_cyl,3.8333447908994214,12,analysis/annotation_workspace_nocyl/IHTest_202204_DistStA-20221110/path38/path38_step7/fitted.cyl,analysis/annotation_workspace_nocyl/IHTest_202204_DistStA-20221110/path38/path38_step7/fit.json
IHTest_202204_DistStA-20221110/Path38_DistStA/Path38_Step9,IHTest_202204_DistStA-20221110,path38,path38_step9,without_prior_cyl,4.552049422346696,8,analysis/annotation_workspace_nocyl/IHTest_202204_DistStA-20221110/path38/path38_step9/fitted.cyl,analysis/annotation_workspace_nocyl/IHTest_202204_DistStA-20221110/path38/path38_step9/fit.json
IHTest_202204_DistStA-20221110/Path5_DistStA/Path5_Step21,IHTest_202204_DistStA-20221110,path5,path5_step21,without_prior_cyl,1.300849878469733,8,analysis/annotation_workspace_nocyl/IHTest_202204_DistStA-20221110/path5/path5_step21/fitted.cyl,analysis/annotation_workspace_nocyl/IHTest_202204_DistStA-20221110/path5/path5_step21/fit.json
IHTest_202204_DistStA-20221110/Path5_DistStA/Path5_Step42,IHTest_202204_DistStA-20221110,path5,path5_step42,without_prior_cyl,1.8743946625330339,8,analysis/annotation_workspace_nocyl/IHTest_202204_DistStA-20221110/path5/path5_step42/fitted.cyl,analysis/annotation_workspace_nocyl/IHTest_202204_DistStA-20221110/path5/path5_step42/fit.json
IHTest_202204_DistStA-20221110/Path7_DistStA/Path7_Step1,IHTest_202204_DistStA-20221110,path7,path7_step1,without_prior_cyl,2.148940780713758,9,analysis/annotation_workspace_nocyl/IHTest_202204_DistStA-20221110/path7/path7_step1/fitted.cyl,analysis/annotation_workspace_nocyl/IHTest_202204_DistStA-20221110/path7/path7_step1/fit.json
IHTest_202204_DistStA-20221110/Path7_DistStA/Path7_Step10,IHTest_202204_DistStA-20221110,path7,path7_step10,without_prior_cyl,3.4150999214009765,8,analysis/annotation_workspace_nocyl/IHTest_202204_DistStA-20221110/path7/path7_step10/fitted.cyl,analysis/annotation_workspace_nocyl/IHTest_202204_DistStA-20221110/path7/path7_step10/fit.json
IHTest_202204_DistStA-20221110/Path7_DistStA/Path7_Step3,IHTest_202204_DistStA-20221110,path7,path7_step3,without_prior_cyl,4.658889305889109,13,analysis/annotation_workspace_nocyl/IHTest_202204_DistStA-20221110/path7/path7_step3/fitted.cyl,analysis/annotation_workspace_nocyl/IHTest_202204_DistStA-20221110/path7/path7_step3/fit.json
IHTest_202204_DistStA-20221110/Path7_DistStA/Path7_Step4,IHTest_202204_DistStA-20221110,path7,path7_step4,without_prior_cyl,1.4181430265335109,9,analysis/annotation_workspace_nocyl/IHTest_202204_DistStA-20221110/path7/path7_step4/fitted.cyl,analysis/annotation_workspace_nocyl/IHTest_202204_DistStA-20221110/path7/path7_step4/fit.json
IHTest_202204_DistStA-20221110/Path7_DistStA/Path7_Step5,IHTest_202204_DistStA-20221110,path7,path7_step5,without_prior_cyl,3.90508135327659,9,analysis/annotation_workspace_nocyl/IHTest_202204_DistStA-20221110/path7/path7_step5/fitted.cyl,analysis/annotation_workspace_nocyl/IHTest_202204_DistStA-20221110/path7/path7_step5/fit.json
IHTest_202204_DistStA-20221110/Path7_DistStA/Path7_Step6,IHTest_202204_DistStA-20221110,path7,path7_step6,without_prior_cyl,3.8569448400823356,9,analysis/annotation_workspace_nocyl/IHTest_202204_DistStA-20221110/path7/path7_step6/fitted.cyl,analysis/annotation_workspace_nocyl/IHTest_202204_DistStA-20221110/path7/path7_step6/fit.json
IHTest_202204_DistStA-20221110/Path7_DistStA/Path7_Step7,IHTest_202204_DistStA-20221110,path7,path7_step7,without_prior_cyl,6.944905520276548,10,analysis/annotation_workspace_nocyl/IHTest_202204_DistStA-20221110/path7/path7_step7/fitted.cyl,analysis/annotation_workspace_nocyl/IHTest_202204_DistStA-20221110/path7/path7_step7/fit.json
IHTest_202204_DistStA-20221110/Path7_DistStA/Path7_Step8,IHTest_202204_DistStA-20221110,path7,path7_step8,without_prior_cyl,3.14541397642625,9,analysis/annotation_workspace_nocyl/IHTest_202204_DistStA-20221110/path7/path7_step8/fitted.cyl,analysis/annotation_workspace_nocyl/IHTest_202204_DistStA-20221110/path7/path7_step8/fit.json
IHTest_202204_DistStA-20221110/Path7_DistStA/Path7_Step9,IHTest_202204_DistStA-20221110,path7,path7_step9,without_prior_cyl,3.857115705729056,9,analysis/annotation_workspace_nocyl/IHTest_202204_DistStA-20221110/path7/path7_step9/fitted.cyl,analysis/annotation_workspace_nocyl/IHTest_202204_DistStA-20221110/path7/path7_step9/fit.json
