frozen_manifest_version,scene_manifest_scope,collection,path,step,scene,release_registration_policy,registration_provenance_current,legacy_prior_cyl_member,legacy_source_pool,scene_spot_id,release_decision,release_reason,frozen_quant_gate_pass,prediction_ready_current,prediction_exclusion_reason_current,verdict,annotation_status,fit_ready,has_session_json,has_fit_json,fit_rmse_total_px,fit_rmse_u_px,fit_rmse_v_px,rmse_pass_le_5px,rmse_pass_le_10px,num_picked_pairs,elapsed_seconds_plausible_for_summary,replacement_count,clear_count,distance_agreement_status,distance_agreement_available_current,distance_sampled_points,distance_missing_depth_points,distance_scene_error_count,distance_near_points_0_10m,distance_middle_points_10_100m,distance_far_points_100_inf,distance_max_error_percent_of_picked_range,distance_median_error_percent_of_picked_range,distance_mean_error_percent_of_picked_range,distance_max_error_m,distance_median_error_m,distance_all_points_pass_le_1pct,distance_all_points_pass_le_5pct,candidate_rmse5_distance5_current,has_cleanup_review,cleanup_status,cleanup_region_count,cleanup_region_ids_json,cleanup_regions_json,selection_mode_summary_json,center_x_m,center_y_m,center_z_m,half_extent_m,removed_points,kept_points,source_projection_las,cleaned_las,raw_overlay,cleanup_overlay,updated_at,manual_release_decision,manual_release_reason,fit_json,session_json,projected_depth_label_path_current,exclusion_reason,timing_exclusion_reason,qc_status,qc_majority_verdict,qc_num_reviews,qc_vote_good,qc_vote_usable_with_caution,qc_vote_bad,qc_mean_seconds,qc_notes,corresp_path,cyl_path,hdr_path,bsq_path,las_path,join_key,scene_id_for_split,split_group,hardness_mean,hardness_std,hardness_num_models,hardness_ambiguous_for_review,split
v0,all_306_scenes,IHTest_202009_DistStA,path1,path1_step2,IHTest_202009_DistStA / path1 / path1_step2,ours_only,ours_fit_ready,False,without_prior_cyl,spot_001,include,,True,True,,good,annotated,True,True,True,1.348922105324034,1.216716429584714,0.5824019026500953,True,True,8,530.326548,0.0,0.0,computed_r4p0_frozen,True,8,0,0,0,7,1,1.6461296266682164,0.1802186118111315,0.5452980018496169,1.678616884054236,0.1297469223639638,False,True,True,False,not_reviewed,0,,,,,,,,,,,,,,,,,analysis/annotation_workspace_nocyl/IHTest_202009_DistStA/path1/path1_step2/fit.json,analysis/annotation_workspace_nocyl/IHTest_202009_DistStA/path1/path1_step2/session.json,analysis/depth_labels/platform_sphere_r4p0/IHTest_202009_DistStA/path1/path1_step2/projected_lidar_depth_label.npz,,,,,,,,,,,,,/disk/IHTest_202009_DistStA/Path1_DistStA/Path1_Step2_DistStA/IHTest_202009_Path1_Step2_LWHSI1__DistStA.hdr,,,IHTest_202009_DistStA|path1|path1_step2,IHTest_202009_DistStA / path1 / path1_step2,spot_001,0.5114525572759789,0.0021560475137838,2,False,train
v0,all_306_scenes,IHTest_202009_DistStA,path1,path1_step3,IHTest_202009_DistStA / path1 / path1_step3,ours_only,ours_fit_ready,False,without_prior_cyl,spot_001,include,,True,True,,good,annotated,True,True,True,0.4714940642525912,0.4616221638152958,0.0959772394889062,True,True,8,187.455074,0.0,0.0,computed_r4p0_frozen,True,8,0,0,0,8,0,1.693937395049823,0.1421718483108891,0.3452855372028318,1.4858640273076702,0.0667540800969881,False,True,True,False,not_reviewed,0,,,,,,,,,,,,,,,,,analysis/annotation_workspace_nocyl/IHTest_202009_DistStA/path1/path1_step3/fit.json,analysis/annotation_workspace_nocyl/IHTest_202009_DistStA/path1/path1_step3/session.json,analysis/depth_labels/platform_sphere_r4p0/IHTest_202009_DistStA/path1/path1_step3/projected_lidar_depth_label.npz,,,,,,,,,,,,,/disk/IHTest_202009_DistStA/Path1_DistStA/Path1_Step3_DistStA/IHTest_202009_Path1_Step3_LWHSI1__DistStA.hdr,,,IHTest_202009_DistStA|path1|path1_step3,IHTest_202009_DistStA / path1 / path1_step3,spot_001,0.4088773926049405,0.0041297645737355,2,False,train
v0,all_306_scenes,IHTest_202009_DistStA,path3,path3_step6,IHTest_202009_DistStA / path3 / path3_step6,ours_only,ours_fit_ready,False,without_prior_cyl,IHTest_202009_DistStA / path3,include,relaxed qc rule after cleanup: good verdict + rmse<=5 + relaxed distance>=8,False,True,,good,annotated,True,True,True,1.5871155708681748,1.3951114529111428,0.7567032901001374,True,True,9,230.050991,2.0,0.0,computed_r4p0_frozen,True,9,0,0,0,9,0,17.0395254477517,0.1184047736291959,2.48017697829813,3.808399746206735,0.0327829141750157,False,False,False,True,previewed,71,"[""legacy_1"", ""legacy_2"", ""legacy_3"", ""legacy_4"", ""legacy_5"", ""legacy_6"", ""legacy_7"", ""legacy_8"", ""legacy_9"", ""legacy_10"", ""legacy_11"", ""legacy_12"", ""legacy_13"", ""legacy_14"", ""legacy_15"", ""legacy_16"", ""legacy_17"", ""legacy_18"", ""legacy_19"", ""legacy_20"", ""legacy_21"", ""legacy_22"", ""legacy_23"", ""legacy_24"", ""legacy_25"", ""legacy_26"", ""legacy_27"", ""legacy_28"", ""legacy_29"", ""legacy_30"", ""legacy_31"", ""legacy_32"", ""legacy_33"", ""legacy_34"", ""legacy_35"", ""legacy_36"", ""legacy_37"", ""legacy_38"", ""legacy_39"", ""legacy_40"", ""legacy_41"", ""legacy_42"", ""legacy_43"", ""legacy_44"", ""legacy_45"", ""legacy_46"", ""legacy_47"", ""legacy_48"", ""legacy_49"", ""legacy_50"", ""legacy_51"", ""legacy_52"", ""legacy_53"", ""legacy_54"", ""legacy_55"", ""legacy_56"", ""legacy_57"", ""legacy_58"", ""legacy_59"", ""legacy_60"", ""legacy_61"", ""legacy_62"", ""legacy_63"", ""legacy_64"", ""legacy_65"", ""legacy_66"", ""legacy_67"", ""legacy_68"", ""legacy_69"", ""legacy_70"", ""legacy_71""]","[{""center_xyz"": [9.967000007629395, -9.73900032043457, 58.22700119018555], ""half_extent_m"": 2.0, ""region_id"": ""legacy_1"", ""selection_mode"": ""lidar"", ""updated_at"": ""2026-05-03T03:49:09Z""}, {""center_xyz"": [7.611000061035156, -2.742000102996826, 56.20899963378906], ""half_extent_m"": 2.0, ""region_id"": ""legacy_2"", ""selection_mode"": ""lidar"", ""updated_at"": ""2026-05-03T03:49:24Z""}, {""center_xyz"": [4.861000061035156, 1.1460000276565552, 57.82500076293945], ""half_extent_m"": 0.1, ""region_id"": ""legacy_3"", ""selection_mode"": ""lidar"", ""updated_at"": ""2026-05-03T03:50:17Z""}, {""center_xyz"": [4.861000061035156, 1.1449999809265137, 58.04800033569336], ""half_extent_m"": 0.1, ""region_id"": ""legacy_4"", ""selection_mode"": ""lidar"", ""updated_at"": ""2026-05-03T03:50:30Z""}, {""center_xyz"": [4.857999801635742, 1.1380000114440918, 58.21099853515625], ""half_extent_m"": 0.1, ""region_id"": ""legacy_5"", ""selection_mode"": ""lidar"", ""updated_at"": ""2026-05-03T03:50:45Z""}, {""center_xyz"": [6.124000072479248, 0.4860000014305115, 57.49700164794922], ""half_extent_m"": 0.5, ""region_id"": ""legacy_6"", ""selection_mode"": ""lidar"", ""updated_at"": ""2026-05-03T03:52:04Z""}, {""center_xyz"": [6.9039998054504395, 2.4570000171661377, 57.48899841308594], ""half_extent_m"": 1.0, ""region_id"": ""legacy_7"", ""selection_mode"": ""lidar"", ""updated_at"": ""2026-05-03T03:52:25Z""}, {""center_xyz"": [7.168000221252441, 2.693000078201294, 55.25699996948242], ""half_extent_m"": 1.0, ""region_id"": ""legacy_8"", ""selection_mode"": ""lidar"", ""updated_at"": ""2026-05-03T03:52:37Z""}, {""center_xyz"": [5.370999813079834, 1.1519999504089355, 56.08100128173828], ""half_extent_m"": 0.3, ""region_id"": ""legacy_9"", ""selection_mode"": ""lidar"", ""updated_at"": ""2026-05-03T03:52:55Z""}, {""center_xyz"": [5.455999851226807, 1.7070000171661377, 55.17399978637695], ""half_extent_m"": 0.3, ""region_id"": ""legacy_10"", ""selection_mode"": ""lidar"", ""updated_at"": ""2026-05-03T03:53:08Z""}, {""center_xyz"": [5.578999996185303, 1.13100004196167, 55.63100051879883], ""half_extent_m"": 0.3, ""region_id"": ""legacy_11"", ""selection_mode"": ""lidar"", ""updated_at"": ""2026-05-03T03:53:22Z""}, {""center_xyz"": [5.520999908447266, 1.7139999866485596, 55.742000579833984], ""half_extent_m"": 0.3, ""region_id"": ""legacy_12"", ""selection_mode"": ""lidar"", ""updated_at"": ""2026-05-03T03:53:35Z""}, {""center_xyz"": [6.14900016784668, -1.3240000009536743, 54.111000061035156], ""half_extent_m"": 0.3, ""region_id"": ""legacy_13"", ""selection_mode"": ""lidar"", ""updated_at"": ""2026-05-03T03:53:52Z""}, {""center_xyz"": [6.414000034332275, 1.0210000276565552, 57.28200149536133], ""half_extent_m"": 0.4, ""region_id"": ""legacy_14"", ""selection_mode"": ""lidar"", ""updated_at"": ""2026-05-03T03:54:11Z""}, {""center_xyz"": [5.290999889373779, 1.3309999704360962, 56.67100143432617], ""half_extent_m"": 0.4, ""region_id"": ""legacy_15"", ""selection_mode"": ""lidar"", ""updated_at"": ""2026-05-03T03:54:25Z""}, {""center_xyz"": [5.068999767303467, 1.3960000276565552, 55.584999084472656], ""half_extent_m"": 0.3, ""region_id"": ""legacy_16"", ""selection_mode"": ""lidar"", ""updated_at"": ""2026-05-03T03:54:52Z""}, {""center_xyz"": [5.817999839782715, -0.9169999957084656, 54.01900100708008], ""half_extent_m"": 0.3, ""region_id"": ""legacy_17"", ""selection_mode"": ""lidar"", ""updated_at"": ""2026-05-03T03:55:06Z""}, {""center_xyz"": [6.208000183105469, 0.34599998593330383, 53.698001861572266], ""half_extent_m"": 0.3, ""region_id"": ""legacy_18"", ""selection_mode"": ""lidar"", ""updated_at"": ""2026-05-03T03:55:25Z""}, {""center_xyz"": [5.841000080108643, 1.5579999685287476, 57.37699890136719], ""half_extent_m"": 0.3, ""region_id"": ""legacy_19"", ""selection_mode"": ""lidar"", ""updated_at"": ""2026-05-03T03:55:44Z""}, {""center_xyz"": [5.289999961853027, 1.4129999876022339, 57.4640007019043], ""half_extent_m"": 0.3, ""region_id"": ""legacy_20"", ""selection_mode"": ""lidar"", ""updated_at"": ""2026-05-03T03:55:57Z""}, {""center_xyz"": [5.7769999504089355, 1.6699999570846558, 55.323001861572266], ""half_extent_m"": 0.3, ""region_id"": ""legacy_21"", ""selection_mode"": ""lidar"", ""updated_at"": ""2026-05-03T03:56:16Z""}, {""center_xyz"": [6.415999889373779, 1.159000039100647, 55.30099868774414], ""half_extent_m"": 0.4, ""region_id"": ""legacy_22"", ""selection_mode"": ""lidar"", ""updated_at"": ""2026-05-03T03:56:33Z""}, {""center_xyz"": [13.39900016784668, -6.124000072479248, 53.470001220703125], ""half_extent_m"": 1.0, ""region_id"": ""legacy_23"", ""selection_mode"": ""lidar"", ""updated_at"": ""2026-05-03T03:56:49Z""}, {""center_xyz"": [7.449999809265137, -0.21400000154972076, 55.03300094604492], ""half_extent_m"": 1.0, ""region_id"": ""legacy_24"", ""selection_mode"": ""lidar"", ""updated_at"": ""2026-05-03T03:57:03Z""}, {""center_xyz"": [6.813000202178955, 1.5880000591278076, 55.57400131225586], ""half_extent_m"": 1.0, ""region_id"": ""legacy_25"", ""selection_mode"": ""lidar"", ""updated_at"": ""2026-05-03T03:57:28Z""}, {""center_xyz"": [5.493000030517578, 1.7929999828338623, 56.23400115966797], ""half_extent_m"": 0.5, ""region_id"": ""legacy_26"", ""selection_mode"": ""lidar"", ""updated_at"": ""2026-05-03T03:58:24Z""}, {""center_xyz"": [5.8520002365112305, 0.5289999842643738, 56.183998107910156], ""half_extent_m"": 0.5, ""region_id"": ""legacy_27"", ""selection_mode"": ""lidar"", ""updated_at"": ""2026-05-03T03:58:48Z""}, {""center_xyz"": [6.538000106811523, 2.325000047683716, 58.51599884033203], ""half_extent_m"": 1.0, ""region_id"": ""legacy_28"", ""selection_mode"": ""lidar"", ""updated_at"": ""2026-05-03T04:00:18Z""}, {""center_xyz"": [3.7690000534057617, 0.9819999933242798, 56.86199951171875], ""half_extent_m"": 0.5, ""region_id"": ""legacy_29"", ""selection_mode"": ""lidar"", ""updated_at"": ""2026-05-03T04:00:47Z""}, {""center_xyz"": [6.76200008392334, 2.188999891281128, 59.555999755859375], ""half_extent_m"": 1.0, ""region_id"": ""legacy_30"", ""selection_mode"": ""lidar"", ""updated_at"": ""2026-05-03T04:01:06Z""}, {""center_xyz"": [6.882999897003174, -2.687999963760376, 58.70000076293945], ""half_extent_m"": 1.0, ""region_id"": ""legacy_31"", ""selection_mode"": ""lidar"", ""updated_at"": ""2026-05-03T04:01:46Z""}, {""center_xyz"": [8.184000015258789, -1.2690000534057617, 58.40399932861328], ""half_extent_m"": 2.0, ""region_id"": ""legacy_32"", ""selection_mode"": ""lidar"", ""updated_at"": ""2026-05-03T04:02:36Z""}, {""center_xyz"": [6.889999866485596, 2.805999994277954, 56.38600158691406], ""half_extent_m"": 1.0, ""region_id"": ""legacy_33"", ""selection_mode"": ""lidar"", ""updated_at"": ""2026-05-03T04:03:13Z""}, {""center_xyz"": [5.4039998054504395, 0.6899999976158142, 57.79199981689453], ""half_extent_m"": 0.3, ""region_id"": ""legacy_34"", ""selection_mode"": ""lidar"", ""updated_at"": ""2026-05-03T04:03:43Z""}, {""center_xyz"": [5.756999969482422, 1.2280000448226929, 57.558998107910156], ""half_extent_m"": 0.3, ""region_id"": ""legacy_35"", ""selection_mode"": ""lidar"", ""updated_at"": ""2026-05-03T04:03:59Z""}, {""center_xyz"": [5.954999923706055, 1.1859999895095825, 57.196998596191406], ""half_extent_m"": 0.3, ""region_id"": ""legacy_36"", ""selection_mode"": ""lidar"", ""updated_at"": ""2026-05-03T04:04:13Z""}, {""center_xyz"": [5.422999858856201, 1.774999976158142, 56.742000579833984], ""half_extent_m"": 0.1, ""region_id"": ""legacy_37"", ""selection_mode"": ""lidar"", ""updated_at"": ""2026-05-03T04:04:25Z""}, {""center_xyz"": [6.929999828338623, 1.190999984741211, 56.895999908447266], ""half_extent_m"": 0.3, ""region_id"": ""legacy_38"", ""selection_mode"": ""lidar"", ""updated_at"": ""2026-05-03T04:04:37Z""}, {""center_xyz"": [6.980999946594238, 0.972000002861023, 58.21099853515625], ""half_extent_m"": 0.3, ""region_id"": ""legacy_39"", ""selection_mode"": ""lidar"", ""updated_at"": ""2026-05-03T04:04:52Z""}, {""center_xyz"": [5.684999942779541, 1.253999948501587, 56.21799850463867], ""half_extent_m"": 0.3, ""region_id"": ""legacy_40"", ""selection_mode"": ""lidar"", ""updated_at"": ""2026-05-03T04:05:09Z""}, {""center_xyz"": [7.49399995803833, 0.25600001215934753, 56.2760009765625], ""half_extent_m"": 0.3, ""region_id"": ""legacy_41"", ""selection_mode"": ""lidar"", ""updated_at"": ""2026-05-03T04:05:23Z""}, {""center_xyz"": [9.208999633789062, -0.31200000643730164, 56.10900115966797], ""half_extent_m"": 0.3, ""region_id"": ""legacy_42"", ""selection_mode"": ""lidar"", ""updated_at"": ""2026-05-03T04:05:36Z""}, {""center_xyz"": [4.520999908447266, -1.2309999465942383, 57.49300003051758], ""half_extent_m"": 0.7, ""region_id"": ""legacy_43"", ""selection_mode"": ""lidar"", ""updated_at"": ""2026-05-03T04:05:43Z""}, {""center_xyz"": [5.172999858856201, -2.312999963760376, 57.61899948120117], ""half_extent_m"": 0.7, ""region_id"": ""legacy_44"", ""selection_mode"": ""lidar"", ""updated_at"": ""2026-05-03T04:05:55Z""}, {""center_xyz"": [4.868000030517578, 1.909999966621399, 58.393001556396484], ""half_extent_m"": 0.3, ""region_id"": ""legacy_45"", ""selection_mode"": ""lidar"", ""updated_at"": ""2026-05-03T04:06:17Z""}, {""center_xyz"": [6.59499979019165, 1.1790000200271606, 57.71500015258789], ""half_extent_m"": 0.3, ""region_id"": ""legacy_46"", ""selection_mode"": ""lidar"", ""updated_at"": ""2026-05-03T04:06:35Z""}, {""center_xyz"": [5.85699987411499, 1.3919999599456787, 56.79100036621094], ""half_extent_m"": 0.1, ""region_id"": ""legacy_47"", ""selection_mode"": ""lidar"", ""updated_at"": ""2026-05-03T04:06:50Z""}, {""center_xyz"": [4.839000225067139, 1.7059999704360962, 56.917999267578125], ""half_extent_m"": 0.1, ""region_id"": ""legacy_48"", ""selection_mode"": ""lidar"", ""updated_at"": ""2026-05-03T04:07:04Z""}, {""center_xyz"": [5.389999866485596, 1.3489999771118164, 57.1609992980957], ""half_extent_m"": 0.1, ""region_id"": ""legacy_49"", ""selection_mode"": ""lidar"", ""updated_at"": ""2026-05-03T04:07:17Z""}, {""center_xyz"": [4.885000228881836, 1.4639999866485596, 57.492000579833984], ""half_extent_m"": 0.1, ""region_id"": ""legacy_50"", ""selection_mode"": ""lidar"", ""updated_at"": ""2026-05-03T04:07:30Z""}, {""center_xyz"": [5.208000183105469, 1.0, 57.76599884033203], ""half_extent_m"": 0.1, ""region_id"": ""legacy_51"", ""selection_mode"": ""lidar"", ""updated_at"": ""2026-05-03T04:07:43Z""}, {""center_xyz"": [5.5289998054504395, 2.115999937057495, 58.52399826049805], ""half_extent_m"": 0.4, ""region_id"": ""legacy_52"", ""selection_mode"": ""lidar"", ""updated_at"": ""2026-05-03T04:07:59Z""}, {""center_xyz"": [5.4039998054504395, 0.8489999771118164, 58.124000549316406], ""half_extent_m"": 0.2, ""region_id"": ""legacy_53"", ""selection_mode"": ""lidar"", ""updated_at"": ""2026-05-03T04:08:20Z""}, {""center_xyz"": [6.040999889373779, 1.1950000524520874, 56.80400085449219], ""half_extent_m"": 0.1, ""region_id"": ""legacy_54"", ""selection_mode"": ""lidar"", ""updated_at"": ""2026-05-03T04:08:36Z""}, {""center_xyz"": [5.309000015258789, 1.86899995803833, 56.78300094604492], ""half_extent_m"": 0.1, ""region_id"": ""legacy_55"", ""selection_mode"": ""lidar"", ""updated_at"": ""2026-05-03T04:08:51Z""}, {""center_xyz"": [6.926000118255615, 1.312999963760376, 57.22600173950195], ""half_extent_m"": 0.1, ""region_id"": ""legacy_56"", ""selection_mode"": ""lidar"", ""updated_at"": ""2026-05-03T04:09:01Z""}, {""center_xyz"": [7.949999809265137, 1.059000015258789, 57.63100051879883], ""half_extent_m"": 0.1, ""region_id"": ""legacy_57"", ""selection_mode"": ""lidar"", ""updated_at"": ""2026-05-03T04:09:12Z""}, {""center_xyz"": [7.5289998054504395, 0.8289999961853027, 57.625999450683594], ""half_extent_m"": 0.1, ""region_id"": ""legacy_58"", ""selection_mode"": ""lidar"", ""updated_at"": ""2026-05-03T04:09:31Z""}, {""center_xyz"": [6.931000232696533, 1.315999984741211, 58.119998931884766], ""half_extent_m"": 0.1, ""region_id"": ""legacy_59"", ""selection_mode"": ""lidar"", ""updated_at"": ""2026-05-03T04:09:42Z""}, {""center_xyz"": [7.9029998779296875, 1.378000020980835, 58.189998626708984], ""half_extent_m"": 0.1, ""region_id"": ""legacy_60"", ""selection_mode"": ""lidar"", ""updated_at"": ""2026-05-03T04:09:56Z""}, {""center_xyz"": [5.901000022888184, -0.1899999976158142, 58.875], ""half_extent_m"": 0.3, ""region_id"": ""legacy_61"", ""selection_mode"": ""lidar"", ""updated_at"": ""2026-05-03T04:10:14Z""}, {""center_xyz"": [5.960000038146973, -0.07199999690055847, 57.573001861572266], ""half_extent_m"": 0.3, ""region_id"": ""legacy_62"", ""selection_mode"": ""lidar"", ""updated_at"": ""2026-05-03T04:10:33Z""}, {""center_xyz"": [5.059000015258789, 1.3739999532699585, 57.159000396728516], ""half_extent_m"": 0.2, ""region_id"": ""legacy_63"", ""selection_mode"": ""lidar"", ""updated_at"": ""2026-05-03T04:10:48Z""}, {""center_xyz"": [5.038000106811523, 1.4579999446868896, 57.9640007019043], ""half_extent_m"": 0.2, ""region_id"": ""legacy_64"", ""selection_mode"": ""lidar"", ""updated_at"": ""2026-05-03T04:11:03Z""}, {""center_xyz"": [5.078999996185303, 1.6269999742507935, 55.23099899291992], ""half_extent_m"": 0.3, ""region_id"": ""legacy_65"", ""selection_mode"": ""lidar"", ""updated_at"": ""2026-05-03T04:11:20Z""}, {""center_xyz"": [5.066999912261963, 1.1679999828338623, 55.900001525878906], ""half_extent_m"": 0.2, ""region_id"": ""legacy_66"", ""selection_mode"": ""lidar"", ""updated_at"": ""2026-05-03T04:11:35Z""}, {""center_xyz"": [4.864999771118164, 1.3630000352859497, 56.459999084472656], ""half_extent_m"": 0.1, ""region_id"": ""legacy_67"", ""selection_mode"": ""lidar"", ""updated_at"": ""2026-05-03T04:11:56Z""}, {""center_xyz"": [5.111000061035156, 1.2059999704360962, 57.81700134277344], ""half_extent_m"": 0.1, ""region_id"": ""legacy_68"", ""selection_mode"": ""lidar"", ""updated_at"": ""2026-05-03T04:12:18Z""}, {""center_xyz"": [4.881999969482422, 1.2799999713897705, 56.827999114990234], ""half_extent_m"": 0.1, ""region_id"": ""legacy_69"", ""selection_mode"": ""lidar"", ""updated_at"": ""2026-05-03T04:12:29Z""}, {""center_xyz"": [4.264999866485596, 1.0839999914169312, 57.39899826049805], ""half_extent_m"": 0.1, ""region_id"": ""legacy_70"", ""selection_mode"": ""lidar"", ""updated_at"": ""2026-05-03T04:12:46Z""}, {""center_xyz"": [4.1529998779296875, 1.6200000047683716, 56.79399871826172], ""half_extent_m"": 0.1, ""region_id"": ""legacy_71"", ""selection_mode"": ""lidar"", ""updated_at"": ""2026-05-03T04:13:03Z""}]","{""lidar"": 71}",4.152999877929688,1.6200000047683716,56.79399871826172,0.1,15650.0,1156536.0,/home/guille/ih-depth-dataset/analysis/lidar_preprocessing/IHTest_202009_DistStA/path3/path3_step6_platform_sphere_r4p0/IHTest_202009_Path3_Step6_HiResLIDAR_1x_DistStA_projection_clean.las,/home/guille/ih-depth-dataset/analysis/occlusion_cleanup_workspace/IHTest_202009_DistStA/path3/path3_step6/path3_step6_cleanup_projection_clean.las,/home/guille/ih-depth-dataset/analysis/occlusion_cleanup_workspace/IHTest_202009_DistStA/path3/path3_step6/raw_overlay.png,/home/guille/ih-depth-dataset/analysis/occlusion_cleanup_workspace/IHTest_202009_DistStA/path3/path3_step6/cleanup_overlay.png,2026-05-03T04:13:05Z,include,relaxed qc rule after cleanup: good verdict + rmse<=5 + relaxed distance>=8,analysis/annotation_workspace_nocyl/IHTest_202009_DistStA/path3/path3_step6/fit.json,analysis/annotation_workspace_nocyl/IHTest_202009_DistStA/path3/path3_step6/session.json,analysis/depth_labels/platform_sphere_r4p0/IHTest_202009_DistStA/path3/path3_step6/projected_lidar_depth_label.npz,,,,,,,,,,,,,/disk/IHTest_202009_DistStA/Path3_DistStA/Path3_Step6_DistStA/IHTest_202009_Path3_Step6_LWHSI1__DistStA.hdr,,,IHTest_202009_DistStA|path3|path3_step6,IHTest_202009_DistStA / path3 / path3_step6,IHTest_202009_DistStA / path3,0.5218243509882048,0.0807486445355423,2,False,test
v0,all_306_scenes,IHTest_202009_DistStA,path7,path7_step5,IHTest_202009_DistStA / path7 / path7_step5,ours_only,ours_fit_ready,False,without_prior_cyl,spot_003,include,,True,True,,good,annotated,True,True,True,3.287146278858714,1.0838173644828115,3.103332173496776,True,True,9,514.179483,4.0,0.0,computed_r4p0_frozen,True,9,0,0,0,9,0,1.4741363363660076,0.4028205566833451,0.4773038166250083,1.0161381812224448,0.1400543922895636,False,True,True,True,previewed,5,,"[{""center_xyz"": [130.59300231933594, 71.23200225830078, 87.75499725341797], ""half_extent_m"": 10.0, ""selection_mode"": ""lidar"", ""updated_at"": ""2026-05-02T15:47:56Z""}, {""center_xyz"": [142.49200439453125, 75.91300201416016, 89.0479965209961], ""half_extent_m"": 10.0, ""selection_mode"": ""lidar"", ""updated_at"": ""2026-05-02T15:48:15Z""}, {""center_xyz"": [149.03599548339844, 60.137001037597656, 87.86000061035156], ""half_extent_m"": 10.0, ""selection_mode"": ""lidar"", ""updated_at"": ""2026-05-02T15:48:26Z""}, {""center_xyz"": [93.822998046875, -12.13700008392334, 88.28600311279297], ""half_extent_m"": 12.0, ""selection_mode"": ""overlay"", ""updated_at"": ""2026-05-02T15:58:00Z""}, {""center_xyz"": [110.7969970703125, -14.711999893188477, 89.197998046875], ""half_extent_m"": 12.0, ""selection_mode"": ""lidar"", ""updated_at"": ""2026-05-02T15:59:40Z""}]","{""lidar"": 4, ""overlay"": 1}",110.7969970703125,-14.711999893188477,89.197998046875,12.0,17824.0,558830.0,/home/guille/ih-depth-dataset/analysis/lidar_preprocessing/IHTest_202009_DistStA/path7/path7_step5_platform_sphere_r4p0/IHTest_202009_Path7_Step5_HiResLIDAR_1x_DistStA_projection_clean.las,/home/guille/ih-depth-dataset/analysis/occlusion_cleanup_workspace/IHTest_202009_DistStA/path7/path7_step5/path7_step5_cleanup_projection_clean.las,/home/guille/ih-depth-dataset/analysis/occlusion_cleanup_workspace/IHTest_202009_DistStA/path7/path7_step5/raw_overlay.png,/home/guille/ih-depth-dataset/analysis/occlusion_cleanup_workspace/IHTest_202009_DistStA/path7/path7_step5/cleanup_overlay.png,2026-05-02T15:59:40Z,,,analysis/annotation_workspace_nocyl/IHTest_202009_DistStA/path7/path7_step5/fit.json,analysis/annotation_workspace_nocyl/IHTest_202009_DistStA/path7/path7_step5/session.json,analysis/depth_labels/platform_sphere_r4p0/IHTest_202009_DistStA/path7/path7_step5/projected_lidar_depth_label.npz,,,,,,,,,,,,,/disk/IHTest_202009_DistStA/Path7_DistStA/Path7_Step5_DistStA/IHTest_202009_Path7_Step5_LWHSI1__DistStA.hdr,,,IHTest_202009_DistStA|path7|path7_step5,IHTest_202009_DistStA / path7 / path7_step5,spot_003,0.5111529868648197,0.0161203260689307,2,False,test
v0,all_306_scenes,IHTest_202009_DistStA,path8,path8_step1,IHTest_202009_DistStA / path8 / path8_step1,ours_only,ours_fit_ready,False,without_prior_cyl,spot_005,include,,True,True,,good,annotated,True,True,True,3.7907141675266858,3.729902188382223,0.6762718129487875,True,True,10,375.786297,4.0,0.0,computed_r4p0_frozen,True,10,0,0,0,9,1,1.1807202353282076,0.4133855774940386,0.4757485472281842,0.9401022832029184,0.2105413661141177,False,True,True,False,not_reviewed,0,,,,,,,,,,,,,,,,,analysis/annotation_workspace_nocyl/IHTest_202009_DistStA/path8/path8_step1/fit.json,analysis/annotation_workspace_nocyl/IHTest_202009_DistStA/path8/path8_step1/session.json,analysis/depth_labels/platform_sphere_r4p0/IHTest_202009_DistStA/path8/path8_step1/projected_lidar_depth_label.npz,,,,,,,,,,,,,/disk/IHTest_202009_DistStA/Path8_DistStA/Path8_Step1_DistStA/IHTest_202009_Path8_Step1_LWHSI1__DistStA.hdr,,,IHTest_202009_DistStA|path8|path8_step1,IHTest_202009_DistStA / path8 / path8_step1,spot_005,0.5153263738620097,0.0407190997088422,2,False,test
v0,all_306_scenes,IHTest_202009_DistStA,path8,path8_step3,IHTest_202009_DistStA / path8 / path8_step3,ours_only,ours_fit_ready,False,without_prior_cyl,spot_005,include,,True,True,,good,annotated,True,True,True,2.31992869368208,1.715288385988034,1.5620034880447629,True,True,9,861.590389,0.0,0.0,computed_r4p0_frozen,True,9,0,0,0,9,0,1.506109542720257,0.1246752601004588,0.4846939968556991,0.4462841286771102,0.0457995734254694,False,True,True,False,not_reviewed,0,,,,,,,,,,,,,,,,,analysis/annotation_workspace_nocyl/IHTest_202009_DistStA/path8/path8_step3/fit.json,analysis/annotation_workspace_nocyl/IHTest_202009_DistStA/path8/path8_step3/session.json,analysis/depth_labels/platform_sphere_r4p0/IHTest_202009_DistStA/path8/path8_step3/projected_lidar_depth_label.npz,,,,,,,,,,,,,/disk/IHTest_202009_DistStA/Path8_DistStA/Path8_Step3_DistStA/IHTest_202009_Path8_Step3_LWHSI1__DistStA.hdr,,,IHTest_202009_DistStA|path8|path8_step3,IHTest_202009_DistStA / path8 / path8_step3,spot_005,0.4968233234289266,0.013120217791184,2,False,test
v0,all_306_scenes,IHTest_202104_DistStA,path1,path1_step0,IHTest_202104_DistStA / path1 / path1_step0,ours_only,ours_fit_ready,False,without_prior_cyl,spot_001,include,,True,True,,good,annotated,True,True,True,0.3839383014883739,0.3819181529490664,0.0393337488392732,True,True,8,127.80418,1.0,0.0,computed_r4p0_frozen,True,8,0,0,0,8,0,2.7096158841277123,0.1886093564168537,0.6744681300040563,1.2980235840644667,0.1047641457839958,False,True,True,False,not_reviewed,0,,,,,,,,,,,,,,,,,analysis/annotation_workspace_nocyl/IHTest_202104_DistStA/path1/path1_step0/fit.json,analysis/annotation_workspace_nocyl/IHTest_202104_DistStA/path1/path1_step0/session.json,analysis/depth_labels/platform_sphere_r4p0/IHTest_202104_DistStA/path1/path1_step0/projected_lidar_depth_label.npz,,,,,,,,,,,,,/disk/IHTest_202104_DistStA/Path1_DistStA/Path1_Step0_DistStA/IHTest_202104_Path1_Step0_LWHSI1_collect1_DistStA.hdr,,,IHTest_202104_DistStA|path1|path1_step0,IHTest_202104_DistStA / path1 / path1_step0,spot_001,0.8410552696614326,0.0282052790078443,2,False,train
v0,all_306_scenes,IHTest_202104_DistStA,path10,path10_step1,IHTest_202104_DistStA / path10 / path10_step1,ours_only,ours_fit_ready,False,without_prior_cyl,spot_001,include,,True,True,,good,annotated,True,True,True,2.9360799806675777,2.7958116308257925,0.8966621313606065,True,True,8,88.817647,0.0,0.0,computed_r4p0_frozen,True,8,0,0,0,5,3,4.973255869236016,0.3767870100916233,1.06142133623319,3.541492852133061,0.3991335302750443,False,True,True,False,not_reviewed,0,,,,,,,,,,,,,,,,,analysis/annotation_workspace_nocyl/IHTest_202104_DistStA/path10/path10_step1/fit.json,analysis/annotation_workspace_nocyl/IHTest_202104_DistStA/path10/path10_step1/session.json,analysis/depth_labels/platform_sphere_r4p0/IHTest_202104_DistStA/path10/path10_step1/projected_lidar_depth_label.npz,,,,,,,,,,,,,/disk/IHTest_202104_DistStA/Path10_DistStA/Path10_Step1_DistStA/IHTest_202104_Path10_Step1_LWHSI1_collect2_DistStA.hdr,,,IHTest_202104_DistStA|path10|path10_step1,IHTest_202104_DistStA / path10 / path10_step1,spot_001,0.1605271774853879,0.0111025190210221,2,False,train
v0,all_306_scenes,IHTest_202104_DistStA,path5,path5_step1,IHTest_202104_DistStA / path5 / path5_step1,ours_only,ours_fit_ready,False,without_prior_cyl,spot_001,include,,True,True,,good,annotated,True,True,True,0.5980739389596423,0.3088547038017814,0.5121535008200332,True,True,8,97.43199,0.0,0.0,computed_r4p0_frozen,True,8,0,0,0,5,3,4.186711991287282,1.0057240233265683,1.4695171860843332,4.033522317544353,0.4347986166963551,False,True,True,False,not_reviewed,0,,,,,,,,,,,,,,,,,analysis/annotation_workspace_nocyl/IHTest_202104_DistStA/path5/path5_step1/fit.json,analysis/annotation_workspace_nocyl/IHTest_202104_DistStA/path5/path5_step1/session.json,analysis/depth_labels/platform_sphere_r4p0/IHTest_202104_DistStA/path5/path5_step1/projected_lidar_depth_label.npz,,,,,,,,,,,,,/disk/IHTest_202104_DistStA/Path5_DistStA/Path5_Step1_DistStA/IHTest_202104_Path5_Step1_LWHSI1_collect1_DistStA.hdr,,,IHTest_202104_DistStA|path5|path5_step1,IHTest_202104_DistStA / path5 / path5_step1,spot_001,0.137645142427679,0.0328514144128018,2,False,train
v0,all_306_scenes,IHTest_202104_DistStA,path5,path5_step4,IHTest_202104_DistStA / path5 / path5_step4,ours_only,ours_fit_ready,False,without_prior_cyl,spot_001,include,,True,True,,good,annotated,True,True,True,2.386489314099076,1.7432820097161206,1.629815658566698,True,True,8,77.97483,0.0,0.0,computed_r4p0_frozen,True,8,0,0,0,5,3,3.8316524702563366,0.2732078004288014,0.8995522804461031,2.719346059166014,0.2840310417040612,False,True,True,False,not_reviewed,0,,,,,,,,,,,,,,,,,analysis/annotation_workspace_nocyl/IHTest_202104_DistStA/path5/path5_step4/fit.json,analysis/annotation_workspace_nocyl/IHTest_202104_DistStA/path5/path5_step4/session.json,analysis/depth_labels/platform_sphere_r4p0/IHTest_202104_DistStA/path5/path5_step4/projected_lidar_depth_label.npz,,,,,,,,,,,,,/disk/IHTest_202104_DistStA/Path5_DistStA/Path5_Step4_DistStA/IHTest_202104_Path5_Step4_LWHSI1_collect1_DistStA.hdr,,,IHTest_202104_DistStA|path5|path5_step4,IHTest_202104_DistStA / path5 / path5_step4,spot_001,0.2277764023598817,0.0490394116423794,2,False,train
v0,all_306_scenes,IHTest_202108_DistStA,path12,path12_step2,IHTest_202108_DistStA / path12 / path12_step2,ours_only,ours_fit_ready,False,without_prior_cyl,spot_012,include,,True,True,,good,annotated,True,True,True,1.7089676247760537,1.4443513925504723,0.913465597255976,True,True,9,,2.0,0.0,computed_r4p0_frozen,True,9,0,0,0,9,0,0.5902109408955138,0.2336179260726777,0.2509697461233293,0.2607991427361824,0.0649064256138558,True,True,True,False,not_reviewed,0,,,,,,,,,,,,,,,,,analysis/annotation_workspace_nocyl/IHTest_202108_DistStA/path12/path12_step2/fit.json,analysis/annotation_workspace_nocyl/IHTest_202108_DistStA/path12/path12_step2/session.json,analysis/depth_labels/platform_sphere_r4p0/IHTest_202108_DistStA/path12/path12_step2/projected_lidar_depth_label.npz,,,,,,,,,,,,,/disk/IHTest_202108_DistStA/Path12_DistStA/Path12_Step2/IHTest_202108_Path12_Step2_LWHSI1_DistStA.hdr,,,IHTest_202108_DistStA|path12|path12_step2,IHTest_202108_DistStA / path12 / path12_step2,spot_012,0.3376647034528015,0.0656160219832645,2,False,train
v0,all_306_scenes,IHTest_202108_DistStA,path12,path12_step3,IHTest_202108_DistStA / path12 / path12_step3,ours_only,ours_fit_ready,False,without_prior_cyl,spot_012,include,,True,True,,good,annotated,True,True,True,2.34189311516586,2.162822467158255,0.8981438294709453,True,True,8,,2.0,0.0,computed_r4p0_frozen,True,8,0,0,0,7,1,1.8887516611442048,0.2121477280003306,0.6158596924337421,1.528076814388669,0.1599682963338651,False,True,True,False,not_reviewed,0,,,,,,,,,,,,,,,,,analysis/annotation_workspace_nocyl/IHTest_202108_DistStA/path12/path12_step3/fit.json,analysis/annotation_workspace_nocyl/IHTest_202108_DistStA/path12/path12_step3/session.json,analysis/depth_labels/platform_sphere_r4p0/IHTest_202108_DistStA/path12/path12_step3/projected_lidar_depth_label.npz,,,,,,,,,,,,,/disk/IHTest_202108_DistStA/Path12_DistStA/Path12_Step3/IHTest_202108_Path12_Step3_LWHSI1_DistStA.hdr,,,IHTest_202108_DistStA|path12|path12_step3,IHTest_202108_DistStA / path12 / path12_step3,spot_012,0.4231555768940448,0.0066805074153259,2,False,train
v0,all_306_scenes,IHTest_202108_DistStA,path7,path7_step22,IHTest_202108_DistStA / path7 / path7_step22,ours_only,ours_fit_ready,False,without_prior_cyl,spot_014,include,,True,True,,good,annotated,True,True,True,2.1586462190315325,2.033331145747868,0.7247882109077081,True,True,8,122.500825,1.0,0.0,computed_r4p0_frozen,True,8,0,0,0,8,0,3.409192717062426,0.1723029910216734,0.6605868208748964,0.9267801600698712,0.0845444279699094,False,True,True,False,not_reviewed,0,,,,,,,,,,,,,,,,,analysis/annotation_workspace_nocyl/IHTest_202108_DistStA/path7/path7_step22/fit.json,analysis/annotation_workspace_nocyl/IHTest_202108_DistStA/path7/path7_step22/session.json,analysis/depth_labels/platform_sphere_r4p0/IHTest_202108_DistStA/path7/path7_step22/projected_lidar_depth_label.npz,,,,,,,,,,,,,/disk/IHTest_202108_DistStA/Path7_DistStA/Path7_Step22/IHTest_202108_Path7_Step22_LWHSI1_DistStA.hdr,,,IHTest_202108_DistStA|path7|path7_step22,IHTest_202108_DistStA / path7 / path7_step22,spot_014,0.5603896306449968,0.060489162080372,2,False,test
v0,all_306_scenes,IHTest_202108_DistStA,path7,path7_step9,IHTest_202108_DistStA / path7 / path7_step9,ours_only,ours_fit_ready,False,without_prior_cyl,spot_014,include,,True,True,,good,annotated,True,True,True,1.5453358827241117,1.4920085282944902,0.4024593668076562,True,True,8,122.199616,1.0,0.0,computed_r4p0_frozen,True,8,0,0,0,7,1,0.7672466761844503,0.1801180905020319,0.2436599701886817,0.3904277202021546,0.1133804740332848,True,True,True,False,not_reviewed,0,,,,,,,,,,,,,,,,,analysis/annotation_workspace_nocyl/IHTest_202108_DistStA/path7/path7_step9/fit.json,analysis/annotation_workspace_nocyl/IHTest_202108_DistStA/path7/path7_step9/session.json,analysis/depth_labels/platform_sphere_r4p0/IHTest_202108_DistStA/path7/path7_step9/projected_lidar_depth_label.npz,,,,,,,,,,,,,/disk/IHTest_202108_DistStA/Path7_DistStA/Path7_Step9/IHTest_202108_Path7_Step9_LWHSI1_DistStA.hdr,,,IHTest_202108_DistStA|path7|path7_step9,IHTest_202108_DistStA / path7 / path7_step9,spot_014,0.5726949972060231,0.0759821466080228,2,False,test
v0,all_306_scenes,IHTest_202204_DistStA-20221110,path13,path13_step4,IHTest_202204_DistStA-20221110 / path13 / path13_step4,ours_only,ours_fit_ready,False,without_prior_cyl,spot_016,include,,True,True,,good,annotated,True,True,True,2.5348802039414595,2.501678226341173,0.4089299453265516,True,True,11,307.630444,0.0,0.0,computed_r4p0_frozen,True,11,0,0,0,6,5,4.320866073487116,1.0844653700818312,1.6445112585061652,3.671711645682095,0.652043839763806,False,True,True,False,not_reviewed,0,,,,,,,,,,,,,,,,,analysis/annotation_workspace_nocyl/IHTest_202204_DistStA-20221110/path13/path13_step4/fit.json,analysis/annotation_workspace_nocyl/IHTest_202204_DistStA-20221110/path13/path13_step4/session.json,analysis/depth_labels/platform_sphere_r4p0/IHTest_202204_DistStA-20221110/path13/path13_step4/projected_lidar_depth_label.npz,,,,,,,,,,,,,/disk/IHTest_202204_DistStA-20221110/Path13_DistStA/Path13_Step4/IHTest_202204_Path13_Step4_LWHSI1_DistStA.hdr,,,IHTest_202204_DistStA-20221110|path13|path13_step4,IHTest_202204_DistStA-20221110 / path13 / path13_step4,spot_016,0.456083215127476,0.0118512571142572,2,False,train
v0,all_306_scenes,IHTest_202204_DistStA-20221110,path15,path15_step1,IHTest_202204_DistStA-20221110 / path15 / path15_step1,ours_only,ours_fit_ready,False,without_prior_cyl,spot_018,include,,True,True,,good,annotated,True,True,True,1.630347987634692,1.5377709670909314,0.54156718286535,True,True,8,138.342256,0.0,0.0,computed_r4p0_frozen,True,8,0,0,0,8,0,0.7683878926082867,0.2883338178535763,0.3655735834138157,0.3617690690132136,0.1393339228781549,True,True,True,False,not_reviewed,0,,,,,,,,,,,,,,,,,analysis/annotation_workspace_nocyl/IHTest_202204_DistStA-20221110/path15/path15_step1/fit.json,analysis/annotation_workspace_nocyl/IHTest_202204_DistStA-20221110/path15/path15_step1/session.json,analysis/depth_labels/platform_sphere_r4p0/IHTest_202204_DistStA-20221110/path15/path15_step1/projected_lidar_depth_label.npz,,,,,,,,,,,,,/disk/IHTest_202204_DistStA-20221110/Path15_DistStA/Path15_Step1/IHTest_202204_Path15_Step1_LWHSI1_DistStA.hdr,,,IHTest_202204_DistStA-20221110|path15|path15_step1,IHTest_202204_DistStA-20221110 / path15 / path15_step1,spot_018,0.6702451737441563,0.008902186183355,2,False,train
v0,all_306_scenes,IHTest_202204_DistStA-20221110,path15,path15_step11,IHTest_202204_DistStA-20221110 / path15 / path15_step11,ours_only,ours_fit_ready,False,without_prior_cyl,spot_018,include,,True,True,,good,annotated,True,True,True,1.774863688273548,1.6783124162060907,0.5774154012151529,True,True,8,128.965976,1.0,0.0,computed_r4p0_frozen,True,8,0,0,0,8,0,2.361031398670789,0.2172757954705721,0.5172149441475629,0.5183271408612882,0.1035092073095445,False,True,True,False,not_reviewed,0,,,,,,,,,,,,,,,,,analysis/annotation_workspace_nocyl/IHTest_202204_DistStA-20221110/path15/path15_step11/fit.json,analysis/annotation_workspace_nocyl/IHTest_202204_DistStA-20221110/path15/path15_step11/session.json,analysis/depth_labels/platform_sphere_r4p0/IHTest_202204_DistStA-20221110/path15/path15_step11/projected_lidar_depth_label.npz,,,,,,,,,,,,,/disk/IHTest_202204_DistStA-20221110/Path15_DistStA/Path15_Step11/IHTest_202204_Path15_Step11_LWHSI1_DistStA.hdr,,,IHTest_202204_DistStA-20221110|path15|path15_step11,IHTest_202204_DistStA-20221110 / path15 / path15_step11,spot_018,0.6139012931069325,0.0210924019455826,2,False,train
v0,all_306_scenes,IHTest_202204_DistStA-20221110,path15,path15_step16,IHTest_202204_DistStA-20221110 / path15 / path15_step16,ours_only,ours_fit_ready,False,without_prior_cyl,spot_018,include,,True,True,,good,annotated,True,True,True,1.5088941692420932,1.458742072489022,0.3857890355145151,True,True,8,134.758808,1.0,0.0,computed_r4p0_frozen,True,8,0,0,0,8,0,3.2523456044610435,0.4031883669808992,1.0223371020565548,0.8533802454724331,0.0663273434208173,False,True,True,False,not_reviewed,0,,,,,,,,,,,,,,,,,analysis/annotation_workspace_nocyl/IHTest_202204_DistStA-20221110/path15/path15_step16/fit.json,analysis/annotation_workspace_nocyl/IHTest_202204_DistStA-20221110/path15/path15_step16/session.json,analysis/depth_labels/platform_sphere_r4p0/IHTest_202204_DistStA-20221110/path15/path15_step16/projected_lidar_depth_label.npz,,,,,,,,,,,,,/disk/IHTest_202204_DistStA-20221110/Path15_DistStA/Path15_Step16/IHTest_202204_Path15_Step16_LWHSI1_DistStA.hdr,,,IHTest_202204_DistStA-20221110|path15|path15_step16,IHTest_202204_DistStA-20221110 / path15 / path15_step16,spot_018,0.4290247104593938,0.4262220300219553,2,True,train
v0,all_306_scenes,IHTest_202204_DistStA-20221110,path15,path15_step21,IHTest_202204_DistStA-20221110 / path15 / path15_step21,ours_only,ours_fit_ready,False,without_prior_cyl,spot_018,include,,True,True,,good,annotated,True,True,True,1.5933848879860248,1.3854048534077934,0.787101514047818,True,True,8,1152.743195,0.0,0.0,computed_r4p0_frozen,True,8,0,0,0,8,0,0.2536791140306511,0.1710651615290516,0.1685040251834513,0.0865717452476246,0.0406990514672909,True,True,True,False,not_reviewed,0,,,,,,,,,,,,,,,,,analysis/annotation_workspace_nocyl/IHTest_202204_DistStA-20221110/path15/path15_step21/fit.json,analysis/annotation_workspace_nocyl/IHTest_202204_DistStA-20221110/path15/path15_step21/session.json,analysis/depth_labels/platform_sphere_r4p0/IHTest_202204_DistStA-20221110/path15/path15_step21/projected_lidar_depth_label.npz,,,,,,,,,,,,,/disk/IHTest_202204_DistStA-20221110/Path15_DistStA/Path15_Step21/IHTest_202204_Path15_Step21_LWHSI1_DistStA.hdr,,,IHTest_202204_DistStA-20221110|path15|path15_step21,IHTest_202204_DistStA-20221110 / path15 / path15_step21,spot_018,0.4147425791164382,0.1372156974438838,2,True,train
v0,all_306_scenes,IHTest_202204_DistStA-20221110,path15,path15_step31,IHTest_202204_DistStA-20221110 / path15 / path15_step31,ours_only,ours_fit_ready,False,without_prior_cyl,spot_018,include,,True,True,,good,annotated,True,True,True,1.9213047876434608,1.7689143606016022,0.7499027082756189,True,True,9,110.266225,1.0,0.0,computed_r4p0_frozen,True,9,0,0,0,9,0,3.165760069203688,0.1618082440237283,0.5047798883750925,0.7610743609549111,0.0369386636106128,False,True,True,False,not_reviewed,0,,,,,,,,,,,,,,,,,analysis/annotation_workspace_nocyl/IHTest_202204_DistStA-20221110/path15/path15_step31/fit.json,analysis/annotation_workspace_nocyl/IHTest_202204_DistStA-20221110/path15/path15_step31/session.json,analysis/depth_labels/platform_sphere_r4p0/IHTest_202204_DistStA-20221110/path15/path15_step31/projected_lidar_depth_label.npz,,,,,,,,,,,,,/disk/IHTest_202204_DistStA-20221110/Path15_DistStA/Path15_Step31/IHTest_202204_Path15_Step31_LWHSI1_DistStA.hdr,,,IHTest_202204_DistStA-20221110|path15|path15_step31,IHTest_202204_DistStA-20221110 / path15 / path15_step31,spot_018,0.4672439096327678,0.10596789879649,2,True,train
v0,all_306_scenes,IHTest_202204_DistStA-20221110,path15,path15_step36,IHTest_202204_DistStA-20221110 / path15 / path15_step36,ours_only,ours_fit_ready,False,without_prior_cyl,spot_018,include,,True,True,,good,annotated,True,True,True,2.7019631647204325,2.673886448061667,0.3885050918304916,True,True,8,104.083288,0.0,0.0,computed_r4p0_frozen,True,8,0,0,0,8,0,0.3181626903751358,0.2321019875131963,0.2143545898528399,0.0677529547534057,0.0411889985644524,True,True,True,False,not_reviewed,0,,,,,,,,,,,,,,,,,analysis/annotation_workspace_nocyl/IHTest_202204_DistStA-20221110/path15/path15_step36/fit.json,analysis/annotation_workspace_nocyl/IHTest_202204_DistStA-20221110/path15/path15_step36/session.json,analysis/depth_labels/platform_sphere_r4p0/IHTest_202204_DistStA-20221110/path15/path15_step36/projected_lidar_depth_label.npz,,,,,,,,,,,,,/disk/IHTest_202204_DistStA-20221110/Path15_DistStA/Path15_Step36/IHTest_202204_Path15_Step36_LWHSI1_DistStA.hdr,,,IHTest_202204_DistStA-20221110|path15|path15_step36,IHTest_202204_DistStA-20221110 / path15 / path15_step36,spot_018,0.4818739241282039,0.0833618680955928,2,False,train
v0,all_306_scenes,IHTest_202204_DistStA-20221110,path15,path15_step41,IHTest_202204_DistStA-20221110 / path15 / path15_step41,ours_only,ours_fit_ready,False,without_prior_cyl,spot_018,include,,True,True,,good,annotated,True,True,True,2.983413221598681,2.703419902174225,1.261853907288052,True,True,10,162.07293,0.0,0.0,computed_r4p0_frozen,True,10,0,0,0,10,0,4.0312526307871055,0.1735573991497728,1.1882537227452177,0.8431939996095501,0.0316985123864981,False,True,True,False,not_reviewed,0,,,,,,,,,,,,,,,,,analysis/annotation_workspace_nocyl/IHTest_202204_DistStA-20221110/path15/path15_step41/fit.json,analysis/annotation_workspace_nocyl/IHTest_202204_DistStA-20221110/path15/path15_step41/session.json,analysis/depth_labels/platform_sphere_r4p0/IHTest_202204_DistStA-20221110/path15/path15_step41/projected_lidar_depth_label.npz,,,,,,,,,,,,,/disk/IHTest_202204_DistStA-20221110/Path15_DistStA/Path15_Step41/IHTest_202204_Path15_Step41_LWHSI1_DistStA.hdr,,,IHTest_202204_DistStA-20221110|path15|path15_step41,IHTest_202204_DistStA-20221110 / path15 / path15_step41,spot_018,0.4973056738259616,0.1054173251460553,2,True,train
v0,all_306_scenes,IHTest_202204_DistStA-20221110,path19,path19_step1,IHTest_202204_DistStA-20221110 / path19 / path19_step1,ours_only,ours_fit_ready,False,without_prior_cyl,spot_020,include,,True,True,,good,annotated,True,True,True,2.0725156770060296,1.7774293023733458,1.065864112586761,True,True,11,220.336371,2.0,0.0,computed_r4p0_frozen,True,11,0,0,0,11,0,1.9619105984291243,0.2360629236701457,0.3556643782050722,0.6397010584552376,0.0882955351788723,False,True,True,False,not_reviewed,0,,,,,,,,,,,,,,,,,analysis/annotation_workspace_nocyl/IHTest_202204_DistStA-20221110/path19/path19_step1/fit.json,analysis/annotation_workspace_nocyl/IHTest_202204_DistStA-20221110/path19/path19_step1/session.json,analysis/depth_labels/platform_sphere_r4p0/IHTest_202204_DistStA-20221110/path19/path19_step1/projected_lidar_depth_label.npz,,,,,,,,,,,,,/disk/IHTest_202204_DistStA-20221110/Path19_DistStA/Path19_Step1/IHTest_202204_Path19_Step1_LWHSI1_DistStA.hdr,,,IHTest_202204_DistStA-20221110|path19|path19_step1,IHTest_202204_DistStA-20221110 / path19 / path19_step1,spot_020,0.4791428277542839,0.0165384913856256,2,False,train
v0,all_306_scenes,IHTest_202204_DistStA-20221110,path20,path20_step1,IHTest_202204_DistStA-20221110 / path20 / path20_step1,ours_only,ours_fit_ready,False,without_prior_cyl,spot_004,include,,True,True,,good,annotated,True,True,True,1.3054842254287902,1.2717675861612592,0.2947817321900609,True,True,8,264.205484,2.0,0.0,computed_r4p0_frozen,True,8,0,0,0,8,0,0.5273059198055683,0.2850797656006097,0.3274462632979215,0.2328889843188832,0.1101287465835945,True,True,True,True,previewed,10,"[""legacy_1"", ""legacy_2"", ""legacy_3"", ""legacy_4"", ""legacy_5"", ""legacy_6"", ""legacy_7"", ""legacy_8"", ""legacy_9"", ""legacy_10""]","[{""center_xyz"": [-9.014639854431152, -2.4585700035095215, 0.09392999857664108], ""half_extent_m"": 2.0, ""region_id"": ""legacy_1"", ""selection_mode"": ""lidar"", ""updated_at"": ""2026-05-02T16:41:26Z""}, {""center_xyz"": [-12.667510032653809, 1.980049967765808, -0.5242800116539001], ""half_extent_m"": 2.0, ""region_id"": ""legacy_2"", ""selection_mode"": ""lidar"", ""updated_at"": ""2026-05-02T16:42:01Z""}, {""center_xyz"": [-33.132259368896484, -1.5167100429534912, 0.29311999678611755], ""half_extent_m"": 2.0, ""region_id"": ""legacy_3"", ""selection_mode"": ""lidar"", ""updated_at"": ""2026-05-02T16:42:19Z""}, {""center_xyz"": [-10.119150161743164, 4.849430084228516, 1.407770037651062], ""half_extent_m"": 5.0, ""region_id"": ""legacy_4"", ""selection_mode"": ""lidar"", ""updated_at"": ""2026-05-02T16:42:35Z""}, {""center_xyz"": [-4.344570159912109, -1.2110600471496582, -0.026690000668168068], ""half_extent_m"": 5.0, ""region_id"": ""legacy_5"", ""selection_mode"": ""lidar"", ""updated_at"": ""2026-05-02T16:42:48Z""}, {""center_xyz"": [-17.767059326171875, -4.333320140838623, 0.10543999820947647], ""half_extent_m"": 1.0, ""region_id"": ""legacy_6"", ""selection_mode"": ""lidar"", ""updated_at"": ""2026-05-02T16:43:30Z""}, {""center_xyz"": [-29.97279930114746, -6.315830230712891, 0.21431000530719757], ""half_extent_m"": 1.0, ""region_id"": ""legacy_7"", ""selection_mode"": ""overlay"", ""updated_at"": ""2026-05-02T16:44:37Z""}, {""center_xyz"": [-53.12331008911133, -23.800249099731445, 6.760049819946289], ""half_extent_m"": 5.0, ""region_id"": ""legacy_8"", ""selection_mode"": ""lidar"", ""updated_at"": ""2026-05-02T16:47:43Z""}, {""center_xyz"": [-11.855420112609863, -3.0715599060058594, 0.07806999981403351], ""half_extent_m"": 1.0, ""region_id"": ""legacy_9"", ""selection_mode"": ""lidar"", ""updated_at"": ""2026-05-02T16:49:20Z""}, {""center_xyz"": [-23.07168960571289, 3.804539918899536, -1.128559947013855], ""half_extent_m"": 0.5, ""region_id"": ""legacy_10"", ""selection_mode"": ""lidar"", ""updated_at"": ""2026-05-02T16:49:43Z""}]","{""lidar"": 9, ""overlay"": 1}",-23.07168960571289,3.804539918899536,-1.128559947013855,0.5,283510.0,489645.0,/home/guille/ih-depth-dataset/analysis/lidar_preprocessing/IHTest_202204_DistStA-20221110/path20/path20_step1_platform_sphere_r4p0/IHTest_202204_Path20_Step1_HiResLIDAR_DistStA_projection_clean.las,/home/guille/ih-depth-dataset/analysis/occlusion_cleanup_workspace/IHTest_202204_DistStA-20221110/path20/path20_step1/path20_step1_cleanup_projection_clean.las,/home/guille/ih-depth-dataset/analysis/occlusion_cleanup_workspace/IHTest_202204_DistStA-20221110/path20/path20_step1/raw_overlay.png,/home/guille/ih-depth-dataset/analysis/occlusion_cleanup_workspace/IHTest_202204_DistStA-20221110/path20/path20_step1/cleanup_overlay.png,2026-05-02T16:49:44Z,,,analysis/annotation_workspace_nocyl/IHTest_202204_DistStA-20221110/path20/path20_step1/fit.json,analysis/annotation_workspace_nocyl/IHTest_202204_DistStA-20221110/path20/path20_step1/session.json,analysis/depth_labels/platform_sphere_r4p0/IHTest_202204_DistStA-20221110/path20/path20_step1/projected_lidar_depth_label.npz,,,,,,,,,,,,,/disk/IHTest_202204_DistStA-20221110/Path20_DistStA/Path20_Step1/IHTest_202204_Path20_Step1_LWHSI1_DistStA.hdr,,,IHTest_202204_DistStA-20221110|path20|path20_step1,IHTest_202204_DistStA-20221110 / path20 / path20_step1,spot_004,0.5132214396887183,0.0018754309552728,2,False,test
v0,all_306_scenes,IHTest_202204_DistStA-20221110,path21,path21_step15,IHTest_202204_DistStA-20221110 / path21 / path21_step15,ours_only,ours_fit_ready,False,without_prior_cyl,spot_041,include,relaxed qc rule after cleanup: good verdict + rmse<=5 + relaxed distance>=8,False,True,,good,annotated,True,True,True,1.682050054151884,1.5713545706504377,0.6001143207492501,True,True,10,224.292485,2.0,0.0,computed_r4p0_frozen,True,10,0,0,0,9,1,9.148885569623586,0.2462054286667996,1.7613995241478186,3.814504419356808,0.1037191139751598,False,False,False,True,previewed,1,"[""legacy_1""]","[{""center_xyz"": [-161.7540740966797, 162.84414672851562, 5.272580146789551], ""half_extent_m"": 1.0, ""region_id"": ""legacy_1"", ""selection_mode"": ""overlay"", ""updated_at"": ""2026-05-03T04:50:09Z""}]","{""overlay"": 1}",-161.7540740966797,162.84414672851562,5.272580146789551,1.0,24.0,937075.0,/home/guille/ih-depth-dataset/analysis/lidar_preprocessing/IHTest_202204_DistStA-20221110/path21/path21_step15_platform_sphere_r4p0/IHTest_202204_Path21_Step15_HiResLIDAR_DistStA_projection_clean.las,/home/guille/ih-depth-dataset/analysis/occlusion_cleanup_workspace/IHTest_202204_DistStA-20221110/path21/path21_step15/path21_step15_cleanup_projection_clean.las,/home/guille/ih-depth-dataset/analysis/occlusion_cleanup_workspace/IHTest_202204_DistStA-20221110/path21/path21_step15/raw_overlay.png,/home/guille/ih-depth-dataset/analysis/occlusion_cleanup_workspace/IHTest_202204_DistStA-20221110/path21/path21_step15/cleanup_overlay.png,2026-05-03T04:50:10Z,include,relaxed qc rule after cleanup: good verdict + rmse<=5 + relaxed distance>=8,analysis/annotation_workspace_nocyl/IHTest_202204_DistStA-20221110/path21/path21_step15/fit.json,analysis/annotation_workspace_nocyl/IHTest_202204_DistStA-20221110/path21/path21_step15/session.json,analysis/depth_labels/platform_sphere_r4p0/IHTest_202204_DistStA-20221110/path21/path21_step15/projected_lidar_depth_label.npz,,,,,,,,,,,,,/disk/IHTest_202204_DistStA-20221110/Path21_DistStA/Path21_Step15/IHTest_202204_Path21_Step15_LWHSI1_DistStA.hdr,,,IHTest_202204_DistStA-20221110|path21|path21_step15,IHTest_202204_DistStA-20221110 / path21 / path21_step15,spot_041,0.573243876965404,0.0813375465591458,2,False,test
v0,all_306_scenes,IHTest_202204_DistStA-20221110,path28,path28_step1,IHTest_202204_DistStA-20221110 / path28 / path28_step1,ours_only,ours_fit_ready,False,without_prior_cyl,spot_023,include,,True,True,,good,annotated,True,True,True,2.1037156454767145,1.401323436700347,1.5690481645819032,True,True,8,440.937766,1.0,0.0,computed_r4p0_frozen,True,8,0,0,0,8,0,0.8555722719739437,0.2757908794405849,0.4001276355700429,0.6638168950357084,0.0797037363762562,True,True,True,False,not_reviewed,0,,,,,,,,,,,,,,,,,analysis/annotation_workspace_nocyl/IHTest_202204_DistStA-20221110/path28/path28_step1/fit.json,analysis/annotation_workspace_nocyl/IHTest_202204_DistStA-20221110/path28/path28_step1/session.json,analysis/depth_labels/platform_sphere_r4p0/IHTest_202204_DistStA-20221110/path28/path28_step1/projected_lidar_depth_label.npz,,,,,,,,,,,,,/disk/IHTest_202204_DistStA-20221110/Path28_DistStA/Path28_Step1/IHTest_202204_Path28_Step1_LWHSI1_DistStA.hdr,,,IHTest_202204_DistStA-20221110|path28|path28_step1,IHTest_202204_DistStA-20221110 / path28 / path28_step1,spot_023,0.2676170670562158,0.0069245351921599,2,False,train
v0,all_306_scenes,IHTest_202204_DistStA-20221110,path28,path28_step11,IHTest_202204_DistStA-20221110 / path28 / path28_step11,ours_only,ours_fit_ready,False,without_prior_cyl,spot_023,include,,True,True,,good,annotated,True,True,True,4.060202547932909,3.890925162443853,1.1601491759692637,True,True,11,291.263372,7.0,0.0,computed_r4p0_frozen,True,11,0,0,0,10,1,3.4434804656102806,0.1602427795680517,0.5743634934599321,2.1913989056746885,0.0704654579398393,False,True,True,False,not_reviewed,0,,,,,,,,,,,,,,,,,analysis/annotation_workspace_nocyl/IHTest_202204_DistStA-20221110/path28/path28_step11/fit.json,analysis/annotation_workspace_nocyl/IHTest_202204_DistStA-20221110/path28/path28_step11/session.json,analysis/depth_labels/platform_sphere_r4p0/IHTest_202204_DistStA-20221110/path28/path28_step11/projected_lidar_depth_label.npz,,,,,,,,,,,,,/disk/IHTest_202204_DistStA-20221110/Path28_DistStA/Path28_Step11/IHTest_202204_Path28_Step11_LWHSI1_DistStA.hdr,,,IHTest_202204_DistStA-20221110|path28|path28_step11,IHTest_202204_DistStA-20221110 / path28 / path28_step11,spot_023,0.7545544820165562,0.0489879072724299,2,False,train
v0,all_306_scenes,IHTest_202204_DistStA-20221110,path28,path28_step2,IHTest_202204_DistStA-20221110 / path28 / path28_step2,ours_only,ours_fit_ready,False,without_prior_cyl,spot_023,include,,True,True,,good,annotated,True,True,True,1.0844160875128783,0.9403956131366554,0.5400132791423492,True,True,8,127.523453,1.0,0.0,computed_r4p0_frozen,True,8,0,0,0,8,0,0.454626249400714,0.2050551226027515,0.2558378482022775,0.241815321832,0.0690364555458593,True,True,True,False,not_reviewed,0,,,,,,,,,,,,,,,,,analysis/annotation_workspace_nocyl/IHTest_202204_DistStA-20221110/path28/path28_step2/fit.json,analysis/annotation_workspace_nocyl/IHTest_202204_DistStA-20221110/path28/path28_step2/session.json,analysis/depth_labels/platform_sphere_r4p0/IHTest_202204_DistStA-20221110/path28/path28_step2/projected_lidar_depth_label.npz,,,,,,,,,,,,,/disk/IHTest_202204_DistStA-20221110/Path28_DistStA/Path28_Step2/IHTest_202204_Path28_Step2_LWHSI1_DistStA.hdr,,,IHTest_202204_DistStA-20221110|path28|path28_step2,IHTest_202204_DistStA-20221110 / path28 / path28_step2,spot_023,0.2514856823078376,0.033141154001235,2,False,train
v0,all_306_scenes,IHTest_202204_DistStA-20221110,path28,path28_step3,IHTest_202204_DistStA-20221110 / path28 / path28_step3,ours_only,ours_fit_ready,False,without_prior_cyl,spot_023,include,,True,True,,good,annotated,True,True,True,0.6711828520907781,0.6674126866043204,0.0710403174283061,True,True,8,160.351271,2.0,0.0,computed_r4p0_frozen,True,8,0,0,0,8,0,4.945853784233781,0.352948891236749,1.3939303709813669,2.125345889353788,0.0820004042509712,False,True,True,False,not_reviewed,0,,,,,,,,,,,,,,,,,analysis/annotation_workspace_nocyl/IHTest_202204_DistStA-20221110/path28/path28_step3/fit.json,analysis/annotation_workspace_nocyl/IHTest_202204_DistStA-20221110/path28/path28_step3/session.json,analysis/depth_labels/platform_sphere_r4p0/IHTest_202204_DistStA-20221110/path28/path28_step3/projected_lidar_depth_label.npz,,,,,,,,,,,,,/disk/IHTest_202204_DistStA-20221110/Path28_DistStA/Path28_Step3/IHTest_202204_Path28_Step3_LWHSI1_DistStA.hdr,,,IHTest_202204_DistStA-20221110|path28|path28_step3,IHTest_202204_DistStA-20221110 / path28 / path28_step3,spot_023,0.224612621147104,0.1087795892560594,2,True,train
v0,all_306_scenes,IHTest_202204_DistStA-20221110,path30,path30_step1,IHTest_202204_DistStA-20221110 / path30 / path30_step1,ours_only,ours_fit_ready,False,without_prior_cyl,spot_020,include,,True,True,,good,annotated,True,True,True,1.2584911513766663,1.1198370869441816,0.5742515797085255,True,True,10,237.259637,2.0,0.0,computed_r4p0_frozen,True,10,0,0,0,10,0,0.4677553112203071,0.3164448782963475,0.2587138391383711,0.192306828063856,0.095633065952736,True,True,True,False,not_reviewed,0,,,,,,,,,,,,,,,,,analysis/annotation_workspace_nocyl/IHTest_202204_DistStA-20221110/path30/path30_step1/fit.json,analysis/annotation_workspace_nocyl/IHTest_202204_DistStA-20221110/path30/path30_step1/session.json,analysis/depth_labels/platform_sphere_r4p0/IHTest_202204_DistStA-20221110/path30/path30_step1/projected_lidar_depth_label.npz,,,,,,,,,,,,,/disk/IHTest_202204_DistStA-20221110/Path30_DistStA/Path30_Step1/IHTest_202204_Path30_Step1_LWHSI1_DistStA.hdr,,,IHTest_202204_DistStA-20221110|path30|path30_step1,IHTest_202204_DistStA-20221110 / path30 / path30_step1,spot_020,0.5923208360655968,0.0242688800855035,2,False,train
v0,all_306_scenes,IHTest_202204_DistStA-20221110,path31,path31_step11,IHTest_202204_DistStA-20221110 / path31 / path31_step11,ours_only,ours_fit_ready,False,without_prior_cyl,spot_027,include,,True,True,,good,annotated,True,True,True,3.3018290491542794,2.608763437901221,2.023963535963248,True,True,10,220.196333,4.0,0.0,computed_r4p0_frozen,True,10,0,0,0,10,0,2.421312789584439,0.0888178871955674,0.4976761099613148,0.4605170105115164,0.014539650808385,False,True,True,False,not_reviewed,0,,,,,,,,,,,,,,,,,analysis/annotation_workspace_nocyl/IHTest_202204_DistStA-20221110/path31/path31_step11/fit.json,analysis/annotation_workspace_nocyl/IHTest_202204_DistStA-20221110/path31/path31_step11/session.json,analysis/depth_labels/platform_sphere_r4p0/IHTest_202204_DistStA-20221110/path31/path31_step11/projected_lidar_depth_label.npz,,,,,,,,,,,,,/disk/IHTest_202204_DistStA-20221110/Path31_DistStA/Path31_Step11/IHTest_202204_Path31_Step11_LWHSI1_DistStA.hdr,,,IHTest_202204_DistStA-20221110|path31|path31_step11,IHTest_202204_DistStA-20221110 / path31 / path31_step11,spot_027,0.5010284629251286,0.0124807010823629,2,False,train
v0,all_306_scenes,IHTest_202204_DistStA-20221110,path31,path31_step13,IHTest_202204_DistStA-20221110 / path31 / path31_step13,ours_only,ours_fit_ready,False,without_prior_cyl,spot_027,include,,True,True,,good,annotated,True,True,True,3.5164744315402063,3.3165806894064085,1.1687108103943131,True,True,9,3134.572454,1.0,0.0,computed_r4p0_frozen,True,9,0,0,0,9,0,2.5921098691484312,0.1790944689094301,0.709340973316765,0.5931554165225705,0.0343752956328415,False,True,True,True,previewed,1,"[""legacy_1""]","[{""center_xyz"": [-21.695940017700195, 8.999810218811035, -1.2199900150299072], ""half_extent_m"": 2.5, ""region_id"": ""legacy_1"", ""selection_mode"": ""overlay"", ""updated_at"": ""2026-05-02T15:19:59Z""}]","{""overlay"": 1}",-21.695940017700195,8.999810218811035,-1.2199900150299072,2.5,612.0,671745.0,/home/guille/ih-depth-dataset/analysis/lidar_preprocessing/IHTest_202204_DistStA-20221110/path31/path31_step13_platform_sphere_r4p0/IHTest_202204_Path31_Step13_HiResLIDAR_DistStA_projection_clean.las,/home/guille/ih-depth-dataset/analysis/occlusion_cleanup_workspace/IHTest_202204_DistStA-20221110/path31/path31_step13/path31_step13_cleanup_projection_clean.las,/home/guille/ih-depth-dataset/analysis/occlusion_cleanup_workspace/IHTest_202204_DistStA-20221110/path31/path31_step13/raw_overlay.png,/home/guille/ih-depth-dataset/analysis/occlusion_cleanup_workspace/IHTest_202204_DistStA-20221110/path31/path31_step13/cleanup_overlay.png,2026-05-02T15:19:59Z,,,analysis/annotation_workspace_nocyl/IHTest_202204_DistStA-20221110/path31/path31_step13/fit.json,analysis/annotation_workspace_nocyl/IHTest_202204_DistStA-20221110/path31/path31_step13/session.json,analysis/depth_labels/platform_sphere_r4p0/IHTest_202204_DistStA-20221110/path31/path31_step13/projected_lidar_depth_label.npz,,,,,,,,,,,,,/disk/IHTest_202204_DistStA-20221110/Path31_DistStA/Path31_Step13/IHTest_202204_Path31_Step13_LWHSI1_DistStA.hdr,,,IHTest_202204_DistStA-20221110|path31|path31_step13,IHTest_202204_DistStA-20221110 / path31 / path31_step13,spot_027,0.3287334539062252,0.0425690311824347,2,False,train
v0,all_306_scenes,IHTest_202204_DistStA-20221110,path31,path31_step4,IHTest_202204_DistStA-20221110 / path31 / path31_step4,ours_only,ours_fit_ready,False,without_prior_cyl,spot_027,include,,True,True,,good,annotated,True,True,True,2.794121517879128,2.409682199054292,1.4144068566844663,True,True,11,193.325568,0.0,0.0,computed_r4p0_frozen,True,11,0,0,0,11,0,4.785574947799144,0.1933229168549741,0.812580451571445,2.43457398657943,0.0952308250269027,False,True,True,False,not_reviewed,0,,,,,,,,,,,,,,,,,analysis/annotation_workspace_nocyl/IHTest_202204_DistStA-20221110/path31/path31_step4/fit.json,analysis/annotation_workspace_nocyl/IHTest_202204_DistStA-20221110/path31/path31_step4/session.json,analysis/depth_labels/platform_sphere_r4p0/IHTest_202204_DistStA-20221110/path31/path31_step4/projected_lidar_depth_label.npz,,,,,,,,,,,,,/disk/IHTest_202204_DistStA-20221110/Path31_DistStA/Path31_Step4/IHTest_202204_Path31_Step4_LWHSI1_DistStA.hdr,,,IHTest_202204_DistStA-20221110|path31|path31_step4,IHTest_202204_DistStA-20221110 / path31 / path31_step4,spot_027,0.3609825383882789,0.0147746729756272,2,False,train
v0,all_306_scenes,IHTest_202204_DistStA-20221110,path31,path31_step9,IHTest_202204_DistStA-20221110 / path31 / path31_step9,ours_only,ours_fit_ready,False,without_prior_cyl,spot_027,include,,True,True,,good,annotated,True,True,True,2.206656025952265,2.03607064150146,0.8507333070282815,True,True,12,247.499872,1.0,0.0,computed_r4p0_frozen,True,12,0,0,0,12,0,0.4954586745383413,0.1126623964549881,0.138024678375939,0.1335807836649358,0.015737648818983,True,True,True,True,previewed,4,"[""legacy_1"", ""legacy_2"", ""legacy_3"", ""legacy_4""]","[{""center_xyz"": [-7.920599937438965, -4.060029983520508, 0.37926000356674194], ""half_extent_m"": 5.0, ""region_id"": ""legacy_1"", ""selection_mode"": ""lidar"", ""updated_at"": ""2026-05-02T16:54:35Z""}, {""center_xyz"": [-55.38692855834961, 38.4758415222168, 9.557640075683594], ""half_extent_m"": 25.0, ""region_id"": ""legacy_2"", ""selection_mode"": ""lidar"", ""updated_at"": ""2026-05-02T16:56:17Z""}, {""center_xyz"": [-8.497909545898438, 2.2950799465179443, 3.4921300411224365], ""half_extent_m"": 4.0, ""region_id"": ""legacy_3"", ""selection_mode"": ""lidar"", ""updated_at"": ""2026-05-02T16:56:59Z""}, {""center_xyz"": [-77.15390014648438, 41.65398025512695, 0.8301299810409546], ""half_extent_m"": 20.0, ""region_id"": ""legacy_4"", ""selection_mode"": ""lidar"", ""updated_at"": ""2026-05-02T17:01:04Z""}]","{""lidar"": 4}",-77.15390014648438,41.65398025512695,0.8301299810409546,20.0,286861.0,409267.0,/home/guille/ih-depth-dataset/analysis/lidar_preprocessing/IHTest_202204_DistStA-20221110/path31/path31_step9_platform_sphere_r4p0/IHTest_202204_Path31_Step9_HiResLIDAR_DistStA_projection_clean.las,/home/guille/ih-depth-dataset/analysis/occlusion_cleanup_workspace/IHTest_202204_DistStA-20221110/path31/path31_step9/path31_step9_cleanup_projection_clean.las,/home/guille/ih-depth-dataset/analysis/occlusion_cleanup_workspace/IHTest_202204_DistStA-20221110/path31/path31_step9/raw_overlay.png,/home/guille/ih-depth-dataset/analysis/occlusion_cleanup_workspace/IHTest_202204_DistStA-20221110/path31/path31_step9/cleanup_overlay.png,2026-05-02T17:01:05Z,,,analysis/annotation_workspace_nocyl/IHTest_202204_DistStA-20221110/path31/path31_step9/fit.json,analysis/annotation_workspace_nocyl/IHTest_202204_DistStA-20221110/path31/path31_step9/session.json,analysis/depth_labels/platform_sphere_r4p0/IHTest_202204_DistStA-20221110/path31/path31_step9/projected_lidar_depth_label.npz,,,,,,,,,,,,,/disk/IHTest_202204_DistStA-20221110/Path31_DistStA/Path31_Step9/IHTest_202204_Path31_Step9_LWHSI1_DistStA.hdr,,,IHTest_202204_DistStA-20221110|path31|path31_step9,IHTest_202204_DistStA-20221110 / path31 / path31_step9,spot_027,0.3581226943418659,0.0306884089451705,2,False,train
v0,all_306_scenes,IHTest_202204_DistStA-20221110,path33,path33_step10,IHTest_202204_DistStA-20221110 / path33 / path33_step10,ours_only,ours_fit_ready,False,without_prior_cyl,spot_029,include,,True,True,,good,annotated,True,True,True,1.9455307672534377,1.9141670783258589,0.3479286745630427,True,True,8,107.099046,0.0,0.0,computed_r4p0_frozen,True,8,0,0,0,8,0,1.2517420485297064,0.267841563868736,0.432843090114916,0.3358613976310991,0.0681036233224769,False,True,True,False,not_reviewed,0,,,,,,,,,,,,,,,,,analysis/annotation_workspace_nocyl/IHTest_202204_DistStA-20221110/path33/path33_step10/fit.json,analysis/annotation_workspace_nocyl/IHTest_202204_DistStA-20221110/path33/path33_step10/session.json,analysis/depth_labels/platform_sphere_r4p0/IHTest_202204_DistStA-20221110/path33/path33_step10/projected_lidar_depth_label.npz,,,,,,,,,,,,,/disk/IHTest_202204_DistStA-20221110/Path33_DistStA/Path33_Step10/IHTest_202204_Path33_Step10_LWHSI1_DistStA.hdr,,,IHTest_202204_DistStA-20221110|path33|path33_step10,IHTest_202204_DistStA-20221110 / path33 / path33_step10,spot_029,0.3698209462080452,0.0155120980333302,2,False,train
v0,all_306_scenes,IHTest_202204_DistStA-20221110,path33,path33_step3,IHTest_202204_DistStA-20221110 / path33 / path33_step3,ours_only,ours_fit_ready,False,without_prior_cyl,spot_029,include,,True,True,,good,annotated,True,True,True,2.495929422109376,1.6429122707926758,1.878963264843168,True,True,9,227.726659,1.0,0.0,computed_r4p0_frozen,True,9,0,0,0,8,1,1.790522782487295,0.1321637277930448,0.3426011625519983,1.710723116924541,0.0417272393249845,False,True,True,False,not_reviewed,0,,,,,,,,,,,,,,,,,analysis/annotation_workspace_nocyl/IHTest_202204_DistStA-20221110/path33/path33_step3/fit.json,analysis/annotation_workspace_nocyl/IHTest_202204_DistStA-20221110/path33/path33_step3/session.json,analysis/depth_labels/platform_sphere_r4p0/IHTest_202204_DistStA-20221110/path33/path33_step3/projected_lidar_depth_label.npz,,,,,,,,,,,,,/disk/IHTest_202204_DistStA-20221110/Path33_DistStA/Path33_Step3/IHTest_202204_Path33_Step3_LWHSI1_DistStA.hdr,,,IHTest_202204_DistStA-20221110|path33|path33_step3,IHTest_202204_DistStA-20221110 / path33 / path33_step3,spot_029,0.4567378191578861,0.0672408242411467,2,False,train
v0,all_306_scenes,IHTest_202204_DistStA-20221110,path33,path33_step4,IHTest_202204_DistStA-20221110 / path33 / path33_step4,ours_only,ours_fit_ready,False,without_prior_cyl,spot_029,include,,True,True,,good,annotated,True,True,True,2.634295390939413,2.428760480391455,1.0201150599875015,True,True,9,187.830132,2.0,0.0,computed_r4p0_frozen,True,9,0,0,1,7,1,0.8007813068458445,0.0928583024082185,0.1966771424908148,0.7154934518818266,0.0149009639685857,True,True,True,False,not_reviewed,0,,,,,,,,,,,,,,,,,analysis/annotation_workspace_nocyl/IHTest_202204_DistStA-20221110/path33/path33_step4/fit.json,analysis/annotation_workspace_nocyl/IHTest_202204_DistStA-20221110/path33/path33_step4/session.json,analysis/depth_labels/platform_sphere_r4p0/IHTest_202204_DistStA-20221110/path33/path33_step4/projected_lidar_depth_label.npz,,,,,,,,,,,,,/disk/IHTest_202204_DistStA-20221110/Path33_DistStA/Path33_Step4/IHTest_202204_Path33_Step4_LWHSI1_DistStA.hdr,,,IHTest_202204_DistStA-20221110|path33|path33_step4,IHTest_202204_DistStA-20221110 / path33 / path33_step4,spot_029,0.4126371164738017,0.0625545873474345,2,False,train
v0,all_306_scenes,IHTest_202204_DistStA-20221110,path33,path33_step5,IHTest_202204_DistStA-20221110 / path33 / path33_step5,ours_only,ours_fit_ready,False,without_prior_cyl,spot_029,include,,True,True,,good,annotated,True,True,True,2.5542563193059005,1.454949054104327,2.099368618102845,True,True,10,107.190798,0.0,0.0,computed_r4p0_frozen,True,10,0,0,0,8,2,0.55815829067062,0.1321003344686434,0.1595425378150748,0.219671316027032,0.0427701735663106,True,True,True,False,not_reviewed,0,,,,,,,,,,,,,,,,,analysis/annotation_workspace_nocyl/IHTest_202204_DistStA-20221110/path33/path33_step5/fit.json,analysis/annotation_workspace_nocyl/IHTest_202204_DistStA-20221110/path33/path33_step5/session.json,analysis/depth_labels/platform_sphere_r4p0/IHTest_202204_DistStA-20221110/path33/path33_step5/projected_lidar_depth_label.npz,,,,,,,,,,,,,/disk/IHTest_202204_DistStA-20221110/Path33_DistStA/Path33_Step5/IHTest_202204_Path33_Step5_LWHSI1_DistStA.hdr,,,IHTest_202204_DistStA-20221110|path33|path33_step5,IHTest_202204_DistStA-20221110 / path33 / path33_step5,spot_029,0.3220718310464945,0.068929980621494,2,False,train
v0,all_306_scenes,IHTest_202204_DistStA-20221110,path33,path33_step6,IHTest_202204_DistStA-20221110 / path33 / path33_step6,ours_only,ours_fit_ready,False,without_prior_cyl,spot_029,include,,True,True,,good,annotated,True,True,True,4.263006236518844,3.704516976384554,2.109449251410709,True,True,11,403.98438,5.0,0.0,computed_r4p0_frozen,True,11,0,0,3,7,1,1.412005244074659,0.0525974786702802,0.2444107301681018,0.7952246170342292,0.0096293657268997,False,True,True,True,previewed,11,"[""legacy_1"", ""legacy_2"", ""legacy_3"", ""legacy_4"", ""legacy_5"", ""legacy_6"", ""legacy_7"", ""legacy_8"", ""legacy_9"", ""legacy_10"", ""legacy_11""]","[{""center_xyz"": [-16.387720108032227, 8.018980026245117, -0.7345100045204163], ""half_extent_m"": 4.0, ""region_id"": ""legacy_1"", ""selection_mode"": ""lidar"", ""updated_at"": ""2026-05-02T17:03:49Z""}, {""center_xyz"": [-36.91925811767578, 18.202909469604492, -0.3175700008869171], ""half_extent_m"": 10.0, ""region_id"": ""legacy_2"", ""selection_mode"": ""lidar"", ""updated_at"": ""2026-05-02T17:05:22Z""}, {""center_xyz"": [-156.2716827392578, -5.141329765319824, 7.530419826507568], ""half_extent_m"": 10.0, ""region_id"": ""legacy_3"", ""selection_mode"": ""lidar"", ""updated_at"": ""2026-05-02T17:05:42Z""}, {""center_xyz"": [-16.908599853515625, 16.67675018310547, 0.39963001012802124], ""half_extent_m"": 10.0, ""region_id"": ""legacy_4"", ""selection_mode"": ""lidar"", ""updated_at"": ""2026-05-02T17:07:12Z""}, {""center_xyz"": [-26.80402946472168, 16.95993995666504, 0.8648200035095215], ""half_extent_m"": 10.0, ""region_id"": ""legacy_5"", ""selection_mode"": ""lidar"", ""updated_at"": ""2026-05-02T17:07:20Z""}, {""center_xyz"": [-61.126670837402344, 42.179039001464844, 13.613129615783691], ""half_extent_m"": 21.0, ""region_id"": ""legacy_6"", ""selection_mode"": ""lidar"", ""updated_at"": ""2026-05-02T17:08:38Z""}, {""center_xyz"": [-25.251609802246094, 4.933889865875244, -1.3046900033950806], ""half_extent_m"": 4.0, ""region_id"": ""legacy_7"", ""selection_mode"": ""lidar"", ""updated_at"": ""2026-05-02T17:09:47Z""}, {""center_xyz"": [-45.51601028442383, 8.205710411071777, 0.8635600209236145], ""half_extent_m"": 8.0, ""region_id"": ""legacy_8"", ""selection_mode"": ""overlay"", ""updated_at"": ""2026-05-02T17:11:07Z""}, {""center_xyz"": [-36.89527893066406, 18.368690490722656, 0.2636699974536896], ""half_extent_m"": 15.0, ""region_id"": ""legacy_9"", ""selection_mode"": ""lidar"", ""updated_at"": ""2026-05-02T17:11:51Z""}, {""center_xyz"": [-55.07558822631836, 24.892009735107422, 8.036490440368652], ""half_extent_m"": 25.0, ""region_id"": ""legacy_10"", ""selection_mode"": ""lidar"", ""updated_at"": ""2026-05-02T17:13:02Z""}, {""center_xyz"": [-19.604860305786133, 2.4993600845336914, 2.504460096359253], ""half_extent_m"": 2.5, ""region_id"": ""legacy_11"", ""selection_mode"": ""lidar"", ""updated_at"": ""2026-05-02T17:14:24Z""}]","{""lidar"": 10, ""overlay"": 1}",-19.604860305786133,2.4993600845336914,2.504460096359253,2.5,234557.0,664643.0,/home/guille/ih-depth-dataset/analysis/lidar_preprocessing/IHTest_202204_DistStA-20221110/path33/path33_step6_platform_sphere_r4p0/IHTest_202204_Path33_Step6_HiResLIDAR_DistStA_projection_clean.las,/home/guille/ih-depth-dataset/analysis/occlusion_cleanup_workspace/IHTest_202204_DistStA-20221110/path33/path33_step6/path33_step6_cleanup_projection_clean.las,/home/guille/ih-depth-dataset/analysis/occlusion_cleanup_workspace/IHTest_202204_DistStA-20221110/path33/path33_step6/raw_overlay.png,/home/guille/ih-depth-dataset/analysis/occlusion_cleanup_workspace/IHTest_202204_DistStA-20221110/path33/path33_step6/cleanup_overlay.png,2026-05-02T17:14:24Z,,,analysis/annotation_workspace_nocyl/IHTest_202204_DistStA-20221110/path33/path33_step6/fit.json,analysis/annotation_workspace_nocyl/IHTest_202204_DistStA-20221110/path33/path33_step6/session.json,analysis/depth_labels/platform_sphere_r4p0/IHTest_202204_DistStA-20221110/path33/path33_step6/projected_lidar_depth_label.npz,,,,,,,,,,,,,/disk/IHTest_202204_DistStA-20221110/Path33_DistStA/Path33_Step6/IHTest_202204_Path33_Step6_LWHSI1_DistStA.hdr,,,IHTest_202204_DistStA-20221110|path33|path33_step6,IHTest_202204_DistStA-20221110 / path33 / path33_step6,spot_029,0.2806815054622462,0.0475943149447498,2,False,train
v0,all_306_scenes,IHTest_202204_DistStA-20221110,path33,path33_step7,IHTest_202204_DistStA-20221110 / path33 / path33_step7,ours_only,ours_fit_ready,False,without_prior_cyl,spot_029,include,,True,True,,good,annotated,True,True,True,3.248513974465688,3.132975083028962,0.858667672279867,True,True,10,202.698331,1.0,0.0,computed_r4p0_frozen,True,10,0,0,0,8,2,2.450905612997966,0.2415030681690828,0.5590174622295937,1.860416057195508,0.0780621977900644,False,True,True,False,not_reviewed,0,,,,,,,,,,,,,,,,,analysis/annotation_workspace_nocyl/IHTest_202204_DistStA-20221110/path33/path33_step7/fit.json,analysis/annotation_workspace_nocyl/IHTest_202204_DistStA-20221110/path33/path33_step7/session.json,analysis/depth_labels/platform_sphere_r4p0/IHTest_202204_DistStA-20221110/path33/path33_step7/projected_lidar_depth_label.npz,,,,,,,,,,,,,/disk/IHTest_202204_DistStA-20221110/Path33_DistStA/Path33_Step7/IHTest_202204_Path33_Step7_LWHSI1_DistStA.hdr,,,IHTest_202204_DistStA-20221110|path33|path33_step7,IHTest_202204_DistStA-20221110 / path33 / path33_step7,spot_029,0.2911579786363223,0.0667908205801394,2,False,train
v0,all_306_scenes,IHTest_202204_DistStA-20221110,path33,path33_step9,IHTest_202204_DistStA-20221110 / path33 / path33_step9,ours_only,ours_fit_ready,False,without_prior_cyl,spot_029,include,,True,True,,good,annotated,True,True,True,3.869564795931503,3.302889678312122,2.0160484822572253,True,True,8,126.112096,1.0,0.0,computed_r4p0_frozen,True,8,0,0,0,8,0,1.967094822270604,0.2997290577162249,0.6620980758867073,0.8689201414440504,0.080180134943939,False,True,True,False,not_reviewed,0,,,,,,,,,,,,,,,,,analysis/annotation_workspace_nocyl/IHTest_202204_DistStA-20221110/path33/path33_step9/fit.json,analysis/annotation_workspace_nocyl/IHTest_202204_DistStA-20221110/path33/path33_step9/session.json,analysis/depth_labels/platform_sphere_r4p0/IHTest_202204_DistStA-20221110/path33/path33_step9/projected_lidar_depth_label.npz,,,,,,,,,,,,,/disk/IHTest_202204_DistStA-20221110/Path33_DistStA/Path33_Step9/IHTest_202204_Path33_Step9_LWHSI1_DistStA.hdr,,,IHTest_202204_DistStA-20221110|path33|path33_step9,IHTest_202204_DistStA-20221110 / path33 / path33_step9,spot_029,0.4741913957664617,0.0442541526050736,2,False,train
v0,all_306_scenes,IHTest_202204_DistStA-20221110,path35,path35_step1,IHTest_202204_DistStA-20221110 / path35 / path35_step1,ours_only,ours_fit_ready,False,without_prior_cyl,spot_020,include,,True,True,,good,annotated,True,True,True,1.5683870407957563,1.4850842780227542,0.5043437289247324,True,True,10,647.951631,0.0,0.0,computed_r4p0_frozen,True,10,0,0,0,10,0,0.3979727062265212,0.2428494119700049,0.234138162649002,0.129709199899537,0.0844389963217651,True,True,True,False,not_reviewed,0,,,,,,,,,,,,,,,,,analysis/annotation_workspace_nocyl/IHTest_202204_DistStA-20221110/path35/path35_step1/fit.json,analysis/annotation_workspace_nocyl/IHTest_202204_DistStA-20221110/path35/path35_step1/session.json,analysis/depth_labels/platform_sphere_r4p0/IHTest_202204_DistStA-20221110/path35/path35_step1/projected_lidar_depth_label.npz,,,,,,,,,,,,,/disk/IHTest_202204_DistStA-20221110/Path35_DistStA/Path35_Step1/IHTest_202204_Path35_Step1_LWHSI1_DistStA.hdr,,,IHTest_202204_DistStA-20221110|path35|path35_step1,IHTest_202204_DistStA-20221110 / path35 / path35_step1,spot_020,0.543789377080752,0.0130733253771578,2,False,train
v0,all_306_scenes,IHTest_202204_DistStA-20221110,path36,path36_step11,IHTest_202204_DistStA-20221110 / path36 / path36_step11,ours_only,ours_fit_ready,False,without_prior_cyl,spot_033,include,,True,True,,good,annotated,True,True,True,1.9817461164060968,1.5772583274200778,1.1998224195582727,True,True,12,555.26306,3.0,0.0,computed_r4p0_frozen,True,12,0,0,0,12,0,1.3734508002644878,0.3181828578746919,0.395135072284014,1.3471970726417908,0.0780006033336437,False,True,True,False,not_reviewed,0,,,,,,,,,,,,,,,,,analysis/annotation_workspace_nocyl/IHTest_202204_DistStA-20221110/path36/path36_step11/fit.json,analysis/annotation_workspace_nocyl/IHTest_202204_DistStA-20221110/path36/path36_step11/session.json,analysis/depth_labels/platform_sphere_r4p0/IHTest_202204_DistStA-20221110/path36/path36_step11/projected_lidar_depth_label.npz,,,,,,,,,,,,,/disk/IHTest_202204_DistStA-20221110/Path36_DistStA/Path36_Step11/IHTest_202204_Path36_Step11_LWHSI1_DistStA.hdr,,,IHTest_202204_DistStA-20221110|path36|path36_step11,IHTest_202204_DistStA-20221110 / path36 / path36_step11,spot_033,0.3770254940774723,0.0764532552759249,2,False,train
v0,all_306_scenes,IHTest_202204_DistStA-20221110,path36,path36_step16,IHTest_202204_DistStA-20221110 / path36 / path36_step16,ours_only,ours_fit_ready,False,without_prior_cyl,spot_033,include,,True,True,,good,annotated,True,True,True,1.849746086493244,1.3834980256338052,1.227800389951247,True,True,11,221.69427,0.0,0.0,computed_r4p0_frozen,True,11,0,0,0,11,0,0.482416580585431,0.1570361609121328,0.1776459662729045,0.1495586965162374,0.0401254774669865,True,True,True,False,not_reviewed,0,,,,,,,,,,,,,,,,,analysis/annotation_workspace_nocyl/IHTest_202204_DistStA-20221110/path36/path36_step16/fit.json,analysis/annotation_workspace_nocyl/IHTest_202204_DistStA-20221110/path36/path36_step16/session.json,analysis/depth_labels/platform_sphere_r4p0/IHTest_202204_DistStA-20221110/path36/path36_step16/projected_lidar_depth_label.npz,,,,,,,,,,,,,/disk/IHTest_202204_DistStA-20221110/Path36_DistStA/Path36_Step16/IHTest_202204_Path36_Step16_LWHSI1_DistStA.hdr,,,IHTest_202204_DistStA-20221110|path36|path36_step16,IHTest_202204_DistStA-20221110 / path36 / path36_step16,spot_033,0.3492313823589039,0.0853534026700646,2,False,train
v0,all_306_scenes,IHTest_202204_DistStA-20221110,path36,path36_step2,IHTest_202204_DistStA-20221110 / path36 / path36_step2,ours_only,ours_fit_ready,False,without_prior_cyl,spot_033,include,,True,True,,good,annotated,True,True,True,1.6965267009138183,1.0374517580060896,1.3423474575249132,True,True,9,237.406196,5.0,0.0,computed_r4p0_frozen,True,9,0,0,0,9,0,3.186463752719502,0.2206749187439083,0.6301390347571242,1.2780445257585598,0.0648945911316971,False,True,True,False,not_reviewed,0,,,,,,,,,,,,,,,,,analysis/annotation_workspace_nocyl/IHTest_202204_DistStA-20221110/path36/path36_step2/fit.json,analysis/annotation_workspace_nocyl/IHTest_202204_DistStA-20221110/path36/path36_step2/session.json,analysis/depth_labels/platform_sphere_r4p0/IHTest_202204_DistStA-20221110/path36/path36_step2/projected_lidar_depth_label.npz,,,,,,,,,,,,,/disk/IHTest_202204_DistStA-20221110/Path36_DistStA/Path36_Step2/IHTest_202204_Path36_Step2_LWHSI1_DistStA.hdr,,,IHTest_202204_DistStA-20221110|path36|path36_step2,IHTest_202204_DistStA-20221110 / path36 / path36_step2,spot_033,0.4091979370474031,0.0718112542176594,2,False,train
v0,all_306_scenes,IHTest_202204_DistStA-20221110,path36,path36_step6,IHTest_202204_DistStA-20221110 / path36 / path36_step6,ours_only,ours_fit_ready,False,without_prior_cyl,spot_033,include,,True,True,,good,annotated,True,True,True,1.9748334083576875,1.6078126063638818,1.146693338945955,True,True,12,269.811514,1.0,0.0,computed_r4p0_frozen,True,12,0,0,0,12,0,3.12466253547938,0.2592568112066188,0.4918196282530973,1.170485167092167,0.0684707158953763,False,True,True,False,not_reviewed,0,,,,,,,,,,,,,,,,,analysis/annotation_workspace_nocyl/IHTest_202204_DistStA-20221110/path36/path36_step6/fit.json,analysis/annotation_workspace_nocyl/IHTest_202204_DistStA-20221110/path36/path36_step6/session.json,analysis/depth_labels/platform_sphere_r4p0/IHTest_202204_DistStA-20221110/path36/path36_step6/projected_lidar_depth_label.npz,,,,,,,,,,,,,/disk/IHTest_202204_DistStA-20221110/Path36_DistStA/Path36_Step6/IHTest_202204_Path36_Step6_LWHSI1_DistStA.hdr,,,IHTest_202204_DistStA-20221110|path36|path36_step6,IHTest_202204_DistStA-20221110 / path36 / path36_step6,spot_033,0.3520186742860044,0.089432738755341,2,False,train
v0,all_306_scenes,IHTest_202204_DistStA-20221110,path38,path38_step5,IHTest_202204_DistStA-20221110 / path38 / path38_step5,ours_only,ours_fit_ready,False,without_prior_cyl,spot_035,include,,True,True,,good,annotated,True,True,True,3.7544773162791087,3.72934072461105,0.4337253488233143,True,True,9,458.838288,3.0,0.0,computed_r4p0_frozen,True,9,0,0,0,9,0,2.1105384604560413,0.3269793229693888,0.6842920177161287,0.4730465840113318,0.0695966295998431,False,True,True,False,not_reviewed,0,,,,,,,,,,,,,,,,,analysis/annotation_workspace_nocyl/IHTest_202204_DistStA-20221110/path38/path38_step5/fit.json,analysis/annotation_workspace_nocyl/IHTest_202204_DistStA-20221110/path38/path38_step5/session.json,analysis/depth_labels/platform_sphere_r4p0/IHTest_202204_DistStA-20221110/path38/path38_step5/projected_lidar_depth_label.npz,,,,,,,,,,,,,/disk/IHTest_202204_DistStA-20221110/Path38_DistStA/Path38_Step5/IHTest_202204_Path38_Step5_LWHSI1_DistStA.hdr,,,IHTest_202204_DistStA-20221110|path38|path38_step5,IHTest_202204_DistStA-20221110 / path38 / path38_step5,spot_035,0.2743724321576642,0.0033494717607473,2,False,train
v0,all_306_scenes,IHTest_202204_DistStA-20221110,path38,path38_step9,IHTest_202204_DistStA-20221110 / path38 / path38_step9,ours_only,ours_fit_ready,False,without_prior_cyl,spot_035,include,,True,True,,good,annotated,True,True,True,4.552049422346696,4.487909971707014,0.7614578316227597,True,True,8,197.831765,0.0,0.0,computed_r4p0_frozen,True,8,0,0,0,8,0,0.7770757651501812,0.7088006161975446,0.5841786761867861,0.1294565591075063,0.1096904949704109,True,True,True,False,not_reviewed,0,,,,,,,,,,,,,,,,,analysis/annotation_workspace_nocyl/IHTest_202204_DistStA-20221110/path38/path38_step9/fit.json,analysis/annotation_workspace_nocyl/IHTest_202204_DistStA-20221110/path38/path38_step9/session.json,analysis/depth_labels/platform_sphere_r4p0/IHTest_202204_DistStA-20221110/path38/path38_step9/projected_lidar_depth_label.npz,,,,,,,,,,,,,/disk/IHTest_202204_DistStA-20221110/Path38_DistStA/Path38_Step9/IHTest_202204_Path38_Step9_LWHSI1_DistStA.hdr,,,IHTest_202204_DistStA-20221110|path38|path38_step9,IHTest_202204_DistStA-20221110 / path38 / path38_step9,spot_035,0.4716472882662905,0.0441922423460239,2,False,train
v0,all_306_scenes,IHTest_202204_DistStA-20221110,path5,path5_step21,IHTest_202204_DistStA-20221110 / path5 / path5_step21,ours_only,ours_fit_ready,False,without_prior_cyl,spot_002,include,,True,True,,good,annotated,True,True,True,1.300849878469733,1.2323734077407351,0.4164927252764531,True,True,8,136.964869,1.0,0.0,computed_r4p0_frozen,True,8,0,0,0,8,0,0.6077810714520687,0.2452299190596842,0.2734415989114753,0.092298066790299,0.0623792997234495,True,True,True,False,not_reviewed,0,,,,,,,,,,,,,,,,,analysis/annotation_workspace_nocyl/IHTest_202204_DistStA-20221110/path5/path5_step21/fit.json,analysis/annotation_workspace_nocyl/IHTest_202204_DistStA-20221110/path5/path5_step21/session.json,analysis/depth_labels/platform_sphere_r4p0/IHTest_202204_DistStA-20221110/path5/path5_step21/projected_lidar_depth_label.npz,,,,,,,,,,,,,/disk/IHTest_202204_DistStA-20221110/Path5_DistStA/Path5_Step21/IHTest_202204_Path5_Step21_LWHSI1_DistStA.hdr,,,IHTest_202204_DistStA-20221110|path5|path5_step21,IHTest_202204_DistStA-20221110 / path5 / path5_step21,spot_002,0.3495678215857676,0.1214956138600118,2,True,train
v0,all_306_scenes,IHTest_202204_DistStA-20221110,path7,path7_step1,IHTest_202204_DistStA-20221110 / path7 / path7_step1,ours_only,ours_fit_ready,False,without_prior_cyl,spot_038,include,,True,True,,good,annotated,True,True,True,2.148940780713758,1.8864232930595857,1.0292490652980382,True,True,9,,2.0,0.0,computed_r4p0_frozen,True,9,0,0,0,9,0,4.586440221434703,0.2330791757007408,1.0990830799996905,2.6621286430759667,0.0736623129682598,False,True,True,True,previewed,20,"[""legacy_1"", ""legacy_2"", ""legacy_3"", ""legacy_4"", ""legacy_5"", ""legacy_6"", ""legacy_7"", ""legacy_8"", ""legacy_9"", ""legacy_10"", ""legacy_11"", ""legacy_12"", ""legacy_13"", ""legacy_14"", ""legacy_15"", ""legacy_16"", ""legacy_17"", ""legacy_18"", ""legacy_19"", ""legacy_20""]","[{""center_xyz"": [-22.249849319458008, -3.184969902038574, 1.2621599435806274], ""half_extent_m"": 1.0, ""region_id"": ""legacy_1"", ""selection_mode"": ""lidar"", ""updated_at"": ""2026-05-02T17:18:20Z""}, {""center_xyz"": [-16.02549934387207, -0.4387499988079071, 1.2361600399017334], ""half_extent_m"": 1.0, ""region_id"": ""legacy_2"", ""selection_mode"": ""lidar"", ""updated_at"": ""2026-05-02T17:18:54Z""}, {""center_xyz"": [-281.0749816894531, -3.9620299339294434, 159.62326049804688], ""half_extent_m"": 5.0, ""region_id"": ""legacy_3"", ""selection_mode"": ""overlay"", ""updated_at"": ""2026-05-03T02:17:12Z""}, {""center_xyz"": [-48.38737869262695, -11.507729530334473, -0.2616100013256073], ""half_extent_m"": 1.0, ""region_id"": ""legacy_4"", ""selection_mode"": ""lidar"", ""updated_at"": ""2026-05-03T02:17:47Z""}, {""center_xyz"": [-47.63481140136719, -12.86892032623291, 2.1335999965667725], ""half_extent_m"": 1.0, ""region_id"": ""legacy_5"", ""selection_mode"": ""lidar"", ""updated_at"": ""2026-05-03T02:17:58Z""}, {""center_xyz"": [-18.723440170288086, 3.158639907836914, 1.2065500020980835], ""half_extent_m"": 0.5, ""region_id"": ""legacy_6"", ""selection_mode"": ""lidar"", ""updated_at"": ""2026-05-03T02:19:31Z""}, {""center_xyz"": [-18.63109016418457, 3.106029987335205, 0.34099000692367554], ""half_extent_m"": 0.3, ""region_id"": ""legacy_7"", ""selection_mode"": ""lidar"", ""updated_at"": ""2026-05-03T02:19:44Z""}, {""center_xyz"": [-18.799800872802734, 3.1703200340270996, 0.671970009803772], ""half_extent_m"": 0.3, ""region_id"": ""legacy_8"", ""selection_mode"": ""lidar"", ""updated_at"": ""2026-05-03T02:19:53Z""}, {""center_xyz"": [-18.500030517578125, 2.8292601108551025, 0.8436700105667114], ""half_extent_m"": 0.3, ""region_id"": ""legacy_9"", ""selection_mode"": ""lidar"", ""updated_at"": ""2026-05-03T02:20:04Z""}, {""center_xyz"": [-18.737529754638672, 3.1351699829101562, -0.14665000140666962], ""half_extent_m"": 0.4, ""region_id"": ""legacy_10"", ""selection_mode"": ""lidar"", ""updated_at"": ""2026-05-03T02:20:23Z""}, {""center_xyz"": [-18.555679321289062, 2.992219924926758, -0.7451300024986267], ""half_extent_m"": 0.3, ""region_id"": ""legacy_11"", ""selection_mode"": ""lidar"", ""updated_at"": ""2026-05-03T02:20:47Z""}, {""center_xyz"": [-37.656951904296875, 5.3846001625061035, 1.551300048828125], ""half_extent_m"": 0.7, ""region_id"": ""legacy_12"", ""selection_mode"": ""lidar"", ""updated_at"": ""2026-05-03T02:22:24Z""}, {""center_xyz"": [-40.174198150634766, 6.120460033416748, 2.557389974594116], ""half_extent_m"": 0.8, ""region_id"": ""legacy_13"", ""selection_mode"": ""lidar"", ""updated_at"": ""2026-05-03T02:22:41Z""}, {""center_xyz"": [-40.04191970825195, 6.095839977264404, 0.5076599717140198], ""half_extent_m"": 0.8, ""region_id"": ""legacy_14"", ""selection_mode"": ""lidar"", ""updated_at"": ""2026-05-03T02:23:00Z""}, {""center_xyz"": [-37.6090087890625, 5.353169918060303, 1.0124499797821045], ""half_extent_m"": 0.6, ""region_id"": ""legacy_15"", ""selection_mode"": ""lidar"", ""updated_at"": ""2026-05-03T02:23:14Z""}, {""center_xyz"": [-38.7061882019043, 5.272759914398193, 1.8332099914550781], ""half_extent_m"": 0.6, ""region_id"": ""legacy_16"", ""selection_mode"": ""lidar"", ""updated_at"": ""2026-05-03T02:23:41Z""}, {""center_xyz"": [-17.781330108642578, 1.9040299654006958, -0.5771300196647644], ""half_extent_m"": 0.6, ""region_id"": ""legacy_17"", ""selection_mode"": ""lidar"", ""updated_at"": ""2026-05-03T02:25:04Z""}, {""center_xyz"": [-17.520620346069336, 1.8772300481796265, -0.04952999949455261], ""half_extent_m"": 0.6, ""region_id"": ""legacy_18"", ""selection_mode"": ""lidar"", ""updated_at"": ""2026-05-03T02:25:42Z""}, {""center_xyz"": [-18.84341049194336, 1.9484399557113647, 0.38850000500679016], ""half_extent_m"": 0.1, ""region_id"": ""legacy_19"", ""selection_mode"": ""lidar"", ""updated_at"": ""2026-05-03T02:28:32Z""}, {""center_xyz"": [-39.11825180053711, 6.44143009185791, -0.8898000121116638], ""half_extent_m"": 0.6, ""region_id"": ""legacy_20"", ""selection_mode"": ""lidar"", ""updated_at"": ""2026-05-03T02:33:40Z""}]","{""lidar"": 19, ""overlay"": 1}",-39.11825180053711,6.44143009185791,-0.8898000121116638,0.6,1385.0,913864.0,/home/guille/ih-depth-dataset/analysis/lidar_preprocessing/IHTest_202204_DistStA-20221110/path7/path7_step1_platform_sphere_r4p0/IHTest_202204_Path7_Step1_HiResLIDAR_DistStA_projection_clean.las,/home/guille/ih-depth-dataset/analysis/occlusion_cleanup_workspace/IHTest_202204_DistStA-20221110/path7/path7_step1/path7_step1_cleanup_projection_clean.las,/home/guille/ih-depth-dataset/analysis/occlusion_cleanup_workspace/IHTest_202204_DistStA-20221110/path7/path7_step1/raw_overlay.png,/home/guille/ih-depth-dataset/analysis/occlusion_cleanup_workspace/IHTest_202204_DistStA-20221110/path7/path7_step1/cleanup_overlay.png,2026-05-03T02:42:28Z,,,analysis/annotation_workspace_nocyl/IHTest_202204_DistStA-20221110/path7/path7_step1/fit.json,analysis/annotation_workspace_nocyl/IHTest_202204_DistStA-20221110/path7/path7_step1/session.json,analysis/depth_labels/platform_sphere_r4p0/IHTest_202204_DistStA-20221110/path7/path7_step1/projected_lidar_depth_label.npz,,,,,,,,,,,,,/disk/IHTest_202204_DistStA-20221110/Path7_DistStA/Path7_Step1/IHTest_202204_Path7_Step1_LWHSI1_DistStA.hdr,,,IHTest_202204_DistStA-20221110|path7|path7_step1,IHTest_202204_DistStA-20221110 / path7 / path7_step1,spot_038,0.4708759881623049,0.1469454283124582,2,True,test
v0,all_306_scenes,IHTest_202204_DistStA-20221110,path7,path7_step3,IHTest_202204_DistStA-20221110 / path7 / path7_step3,ours_only,ours_fit_ready,False,without_prior_cyl,spot_038,include,,True,True,,good,annotated,True,True,True,4.658889305889109,2.8957996793961374,3.6496018661406247,True,True,13,553.31,10.0,0.0,computed_r4p0_frozen,True,13,0,0,0,13,0,3.484733984477617,0.3587093606013041,0.8637929894535117,0.9054296987492698,0.1056807368333991,False,True,True,True,previewed,21,"[""legacy_1"", ""legacy_2"", ""legacy_3"", ""legacy_4"", ""legacy_5"", ""legacy_6"", ""legacy_7"", ""legacy_8"", ""legacy_9"", ""legacy_10"", ""legacy_11"", ""legacy_12"", ""legacy_13"", ""legacy_14"", ""legacy_15"", ""legacy_16"", ""legacy_17"", ""legacy_18"", ""legacy_19"", ""legacy_20"", ""legacy_21""]","[{""center_xyz"": [-13.068329811096191, -3.5817298889160156, -0.5788699984550476], ""half_extent_m"": 5.0, ""region_id"": ""legacy_1"", ""selection_mode"": ""lidar"", ""updated_at"": ""2026-05-03T02:47:12Z""}, {""center_xyz"": [-27.258699417114258, -5.209750175476074, -0.5888400077819824], ""half_extent_m"": 2.0, ""region_id"": ""legacy_2"", ""selection_mode"": ""lidar"", ""updated_at"": ""2026-05-03T02:47:55Z""}, {""center_xyz"": [-20.91982078552246, -4.80394983291626, -1.9222700595855713], ""half_extent_m"": 1.0, ""region_id"": ""legacy_3"", ""selection_mode"": ""lidar"", ""updated_at"": ""2026-05-03T02:48:35Z""}, {""center_xyz"": [-19.591989517211914, -5.222040176391602, -2.01665997505188], ""half_extent_m"": 1.0, ""region_id"": ""legacy_4"", ""selection_mode"": ""lidar"", ""updated_at"": ""2026-05-03T02:48:40Z""}, {""center_xyz"": [-22.44700050354004, -5.790929794311523, -1.889840006828308], ""half_extent_m"": 1.0, ""region_id"": ""legacy_5"", ""selection_mode"": ""lidar"", ""updated_at"": ""2026-05-03T02:48:46Z""}, {""center_xyz"": [-22.636079788208008, -4.714690208435059, -1.9134999513626099], ""half_extent_m"": 0.5, ""region_id"": ""legacy_6"", ""selection_mode"": ""lidar"", ""updated_at"": ""2026-05-03T02:49:02Z""}, {""center_xyz"": [-23.263460159301758, -5.172579765319824, -1.3991299867630005], ""half_extent_m"": 1.0, ""region_id"": ""legacy_7"", ""selection_mode"": ""lidar"", ""updated_at"": ""2026-05-03T02:49:15Z""}, {""center_xyz"": [-23.215309143066406, -4.4034199714660645, -0.19686000049114227], ""half_extent_m"": 0.3, ""region_id"": ""legacy_8"", ""selection_mode"": ""lidar"", ""updated_at"": ""2026-05-03T02:50:24Z""}, {""center_xyz"": [-36.0571403503418, 5.778759956359863, 0.6818100214004517], ""half_extent_m"": 2.0, ""region_id"": ""legacy_9"", ""selection_mode"": ""lidar"", ""updated_at"": ""2026-05-03T02:52:07Z""}, {""center_xyz"": [-40.190338134765625, 9.077939987182617, -1.0512299537658691], ""half_extent_m"": 2.0, ""region_id"": ""legacy_10"", ""selection_mode"": ""lidar"", ""updated_at"": ""2026-05-03T02:53:45Z""}, {""center_xyz"": [-42.62263107299805, 6.950399875640869, 2.6645400524139404], ""half_extent_m"": 1.0, ""region_id"": ""legacy_11"", ""selection_mode"": ""lidar"", ""updated_at"": ""2026-05-03T02:55:11Z""}, {""center_xyz"": [-43.22951889038086, 12.8541898727417, 2.1997299194335938], ""half_extent_m"": 1.0, ""region_id"": ""legacy_12"", ""selection_mode"": ""lidar"", ""updated_at"": ""2026-05-03T02:57:18Z""}, {""center_xyz"": [-26.117839813232422, 9.9818696975708, -1.2115099430084229], ""half_extent_m"": 1.0, ""region_id"": ""legacy_13"", ""selection_mode"": ""lidar"", ""updated_at"": ""2026-05-03T02:59:23Z""}, {""center_xyz"": [-24.596389770507812, 9.24114990234375, -0.7349500060081482], ""half_extent_m"": 1.0, ""region_id"": ""legacy_14"", ""selection_mode"": ""lidar"", ""updated_at"": ""2026-05-03T02:59:29Z""}, {""center_xyz"": [-24.87367057800293, 9.04362964630127, 0.6728299856185913], ""half_extent_m"": 0.5, ""region_id"": ""legacy_15"", ""selection_mode"": ""lidar"", ""updated_at"": ""2026-05-03T02:59:46Z""}, {""center_xyz"": [-26.10272979736328, 10.013420104980469, -0.25005000829696655], ""half_extent_m"": 1.0, ""region_id"": ""legacy_16"", ""selection_mode"": ""lidar"", ""updated_at"": ""2026-05-03T03:00:49Z""}, {""center_xyz"": [-25.594730377197266, 9.140830039978027, 0.9746900200843811], ""half_extent_m"": 0.3, ""region_id"": ""legacy_17"", ""selection_mode"": ""lidar"", ""updated_at"": ""2026-05-03T03:01:31Z""}, {""center_xyz"": [-25.415679931640625, 9.095580101013184, -0.30768999457359314], ""half_extent_m"": 0.5, ""region_id"": ""legacy_18"", ""selection_mode"": ""lidar"", ""updated_at"": ""2026-05-03T03:02:08Z""}, {""center_xyz"": [-30.480770111083984, 16.68086051940918, 7.277050018310547], ""half_extent_m"": 7.0, ""region_id"": ""legacy_19"", ""selection_mode"": ""lidar"", ""updated_at"": ""2026-05-03T03:04:33Z""}, {""center_xyz"": [-29.413360595703125, 16.730920791625977, 0.7356399893760681], ""half_extent_m"": 7.0, ""region_id"": ""legacy_20"", ""selection_mode"": ""lidar"", ""updated_at"": ""2026-05-03T03:04:46Z""}, {""center_xyz"": [-26.468379974365234, 8.949930191040039, -0.30133000016212463], ""half_extent_m"": 0.1, ""region_id"": ""legacy_21"", ""selection_mode"": ""lidar"", ""updated_at"": ""2026-05-03T03:05:38Z""}]","{""lidar"": 21}",-26.468379974365234,8.949930191040039,-0.3013300001621246,0.1,126302.0,578555.0,/home/guille/ih-depth-dataset/analysis/lidar_preprocessing/IHTest_202204_DistStA-20221110/path7/path7_step3_platform_sphere_r4p0/IHTest_202204_Path7_Step3_HiResLIDAR_DistStA_projection_clean.las,/home/guille/ih-depth-dataset/analysis/occlusion_cleanup_workspace/IHTest_202204_DistStA-20221110/path7/path7_step3/path7_step3_cleanup_projection_clean.las,/home/guille/ih-depth-dataset/analysis/occlusion_cleanup_workspace/IHTest_202204_DistStA-20221110/path7/path7_step3/raw_overlay.png,/home/guille/ih-depth-dataset/analysis/occlusion_cleanup_workspace/IHTest_202204_DistStA-20221110/path7/path7_step3/cleanup_overlay.png,2026-05-03T03:05:39Z,,,analysis/annotation_workspace_nocyl/IHTest_202204_DistStA-20221110/path7/path7_step3/fit.json,analysis/annotation_workspace_nocyl/IHTest_202204_DistStA-20221110/path7/path7_step3/session.json,analysis/depth_labels/platform_sphere_r4p0/IHTest_202204_DistStA-20221110/path7/path7_step3/projected_lidar_depth_label.npz,,,,,,,,,,,,,/disk/IHTest_202204_DistStA-20221110/Path7_DistStA/Path7_Step3/IHTest_202204_Path7_Step3_LWHSI1_DistStA.hdr,,,IHTest_202204_DistStA-20221110|path7|path7_step3,IHTest_202204_DistStA-20221110 / path7 / path7_step3,spot_038,0.6384632436963424,0.1509710241506646,2,True,test
